"country","video_id","trending_date","publish_timestamp","title","channel_title","viewcount","likes","dislikes","comment_count","descript"
"US","d6hso-SroWE","2018-01-22","2018-01-20 03:00:04","2018 Full First Round Mock Draft | NFL","NFL",167556,2887,260,1424,"Check out who your favorite team is projected to pick in Daniel Jeremiah's 2018 mock draft of the first round.\n\nWatch full games with NFL Game Pass: https://www.nfl.com/gamepass?campaign=sp-nf-gd-ot-yt-3000342\n\nSign up for Fantasy Football! http://www.nfl.com/fantasyfootball\n\nSubscribe to NFL: http://j.mp/1L0bVBu\n\nThe NFL YouTube channel is your home for immediate in-game highlights from your favorite teams and players, full NFL games, behind the scenes access and more!\n\nCheck out our other channels:\nNFL Network http://www.youtube.com/nflnetwork\nNFL Films http://www.youtube.com/nflfilms\n\nFor all things NFL, visit the league's official website at http://www.nfl.com/\n\nWatch NFL Now: https://www.nfl.com/now\nListen to NFL podcasts: http://www.nfl.com/podcasts\nWatch the NFL network: http://nflnonline.nfl.com/\nDownload the NFL mobile app: https://www.nfl.com/apps\n2017 NFL Schedule: http://www.nfl.com/schedules\nBuy tickets to watch your favorite team:  http://www.nfl.com/tickets\nShop NFL: http://www.nflshop.com/source/bm-nflcom-Header-Shop-Tab\n\nLike us on Facebook: https://www.facebook.com/NFL\nFollow us on Twitter: https://twitter.com/NFL\nFollow us on Instagram: https://instagram.com/nfl/\nFind us on Snapchat"
"US","1qIj0m7-sHI","2018-01-06","2018-01-02 23:00:00","Top 10 NFL Rookies of the 2017 Season | NFL Highlights","NFL",307093,4334,972,3054,"NFL Network's Brian Baldinger ranks and breaks down the Top 10 Rookies from the 2017 Season.\n\nWatch full games with NFL Game Pass: https://www.nfl.com/gamepass?campaign=sp-nf-gd-ot-yt-3000342\n\nSign up for Fantasy Football! http://www.nfl.com/fantasyfootball\n\nSubscribe to NFL: http://j.mp/1L0bVBu\n\nThe NFL YouTube channel is your home for immediate in-game highlights from your favorite teams and players, full NFL games, behind the scenes access and more!\n\nCheck out our other channels:\nNFL Network http://www.youtube.com/nflnetwork\nNFL Films http://www.youtube.com/nflfilms\n\nFor all things NFL, visit the league's official website at http://www.nfl.com/\n\nWatch NFL Now: https://www.nfl.com/now\nListen to NFL podcasts: http://www.nfl.com/podcasts\nWatch the NFL network: http://nflnonline.nfl.com/\nDownload the NFL mobile app: https://www.nfl.com/apps\n2017 NFL Schedule: http://www.nfl.com/schedules\nBuy tickets to watch your favorite team:  http://www.nfl.com/tickets\nShop NFL: http://www.nflshop.com/source/bm-nflcom-Header-Shop-Tab\n\nLike us on Facebook: https://www.facebook.com/NFL\nFollow us on Twitter: https://twitter.com/NFL\nFollow us on Instagram: https://instagram.com/nfl/\nFind us on Snapchat"
"US","8sAApdJdG3A","2017-11-20","2017-11-19 22:14:59","Chiefs vs. Giants | NFL Week 11 Game Highlights","NFL",226800,2167,123,1137,"The Kansas City Chiefs take on the New York Giants in Week 11 of the 2017 NFL Season.\n\nWatch full games with NFL Game Pass: https://www.nfl.com/gamepass?campaign=sp-nf-gd-ot-yt-3000342\n\nSign up for Fantasy Football! http://www.nfl.com/fantasyfootball\n\nSubscribe to NFL: http://j.mp/1L0bVBu\n\nThe NFL YouTube channel is your home for immediate in-game highlights from your favorite teams and players, full NFL games, behind the scenes access and more!\n\nCheck out our other channels:\nNFL Network http://www.youtube.com/nflnetwork\nNFL Films http://www.youtube.com/nflfilms\n\nFor all things NFL, visit the league's official website at http://www.nfl.com/\n\nWatch NFL Now: https://www.nfl.com/now\nListen to NFL podcasts: http://www.nfl.com/podcasts\nWatch the NFL network: http://nflnonline.nfl.com/\nDownload the NFL mobile app: https://www.nfl.com/apps\n2017 NFL Schedule: http://www.nfl.com/schedules\nBuy tickets to watch your favorite team:  http://www.nfl.com/tickets\nShop NFL: http://www.nflshop.com/source/bm-nflcom-Header-Shop-Tab\n\nLike us on Facebook: https://www.facebook.com/NFL\nFollow us on Twitter: https://twitter.com/NFL\nFollow us on Instagram: https://instagram.com/nfl/\nFind us on Snapchat"
"MX","58q3QDDLoEo","2017-12-11","2017-12-10 21:52:55","Cowboys vs. Giants | NFL Week 14 Game Highlights","NFL",405354,4401,165,1037,"The Dallas Cowboys take on the New York Giants in Week 14 of the 2017 NFL Season.\n\nWatch full games with NFL Game Pass: https://www.nfl.com/gamepass?campaign=sp-nf-gd-ot-yt-3000342\n\nSign up for Fantasy Football! http://www.nfl.com/fantasyfootball\n\nSubscribe to NFL: http://j.mp/1L0bVBu\n\nThe NFL YouTube channel is your home for immediate in-game highlights from your favorite teams and players, full NFL games, behind the scenes access and more!\n\nCheck out our other channels:\nNFL Network http://www.youtube.com/nflnetwork\nNFL Films http://www.youtube.com/nflfilms\n\nFor all things NFL, visit the league's official website at http://www.nfl.com/\n\nWatch NFL Now: https://www.nfl.com/now\nListen to NFL podcasts: http://www.nfl.com/podcasts\nWatch the NFL network: http://nflnonline.nfl.com/\nDownload the NFL mobile app: https://www.nfl.com/apps\n2017 NFL Schedule: http://www.nfl.com/schedules\nBuy tickets to watch your favorite team:  http://www.nfl.com/tickets\nShop NFL: http://www.nflshop.com/source/bm-nflcom-Header-Shop-Tab\n\nLike us on Facebook: https://www.facebook.com/NFL\nFollow us on Twitter: https://twitter.com/NFL\nFollow us on Instagram: https://instagram.com/nfl/\nFind us on Snapchat"
"US","Em9EI37Yy9g","2017-12-04","2017-12-01 04:54:15","Redskins vs. Cowboys | NFL Week 13 Game Highlights","NFL",1240044,10335,683,2883,"The Washington Redskins take on the Dallas Cowboys in Week 13 of the 2017 NFL Season.\n\nWatch full games with NFL Game Pass: https://www.nfl.com/gamepass?campaign=sp-nf-gd-ot-yt-3000342\n\nSign up for Fantasy Football! http://www.nfl.com/fantasyfootball\n\nSubscribe to NFL: http://j.mp/1L0bVBu\n\nThe NFL YouTube channel is your home for immediate in-game highlights from your favorite teams and players, full NFL games, behind the scenes access and more!\n\nCheck out our other channels:\nNFL Network http://www.youtube.com/nflnetwork\nNFL Films http://www.youtube.com/nflfilms\n\nFor all things NFL, visit the league's official website at http://www.nfl.com/\n\nWatch NFL Now: https://www.nfl.com/now\nListen to NFL podcasts: http://www.nfl.com/podcasts\nWatch the NFL network: http://nflnonline.nfl.com/\nDownload the NFL mobile app: https://www.nfl.com/apps\n2017 NFL Schedule: http://www.nfl.com/schedules\nBuy tickets to watch your favorite team:  http://www.nfl.com/tickets\nShop NFL: http://www.nflshop.com/source/bm-nflcom-Header-Shop-Tab\n\nLike us on Facebook: https://www.facebook.com/NFL\nFollow us on Twitter: https://twitter.com/NFL\nFollow us on Instagram: https://instagram.com/nfl/\nFind us on Snapchat"
"CA","cG0-oiy4scs","2017-11-20","2017-11-19 21:45:16","Rams vs. Vikings | NFL Week 11 Game Highlights","NFL",291062,2083,67,1705,"The Los Angeles Rams take on the Minnesota Vikings in Week 11 of the 2017 NFL Season.\n\nWatch full games with NFL Game Pass: https://www.nfl.com/gamepass?campaign=sp-nf-gd-ot-yt-3000342\n\nSign up for Fantasy Football! http://www.nfl.com/fantasyfootball\n\nSubscribe to NFL: http://j.mp/1L0bVBu\n\nThe NFL YouTube channel is your home for immediate in-game highlights from your favorite teams and players, full NFL games, behind the scenes access and more!\n\nCheck out our other channels:\nNFL Network http://www.youtube.com/nflnetwork\nNFL Films http://www.youtube.com/nflfilms\n\nFor all things NFL, visit the league's official website at http://www.nfl.com/\n\nWatch NFL Now: https://www.nfl.com/now\nListen to NFL podcasts: http://www.nfl.com/podcasts\nWatch the NFL network: http://nflnonline.nfl.com/\nDownload the NFL mobile app: https://www.nfl.com/apps\n2017 NFL Schedule: http://www.nfl.com/schedules\nBuy tickets to watch your favorite team:  http://www.nfl.com/tickets\nShop NFL: http://www.nflshop.com/source/bm-nflcom-Header-Shop-Tab\n\nLike us on Facebook: https://www.facebook.com/NFL\nFollow us on Twitter: https://twitter.com/NFL\nFollow us on Instagram: https://instagram.com/nfl/\nFind us on Snapchat"
"MX","SxRIvJxrnV0","2017-11-20","2017-11-20 01:58:20","Wentz's Perfect Opening Drive Capped Off by Barner's Strong TD Run! | Eagles vs. Cowboys | NFL Wk 11","NFL",82567,345,33,137,"Philadelphia Eagles quarterback Carson Wentz leads a spectacular drive, capped off by Kenjon Barner's touchdown run against the Dallas Cowboys in Week 11 of the 2017 NFL Season.\n\nWatch full games with NFL Game Pass: https://www.nfl.com/gamepass?campaign=sp-nf-gd-ot-yt-3000342\n\nSign up for Fantasy Football! http://www.nfl.com/fantasyfootball\n\nSubscribe to NFL: http://j.mp/1L0bVBu\n\nThe NFL YouTube channel is your home for immediate in-game highlights from your favorite teams and players, full NFL games, behind the scenes access and more!\n\nCheck out our other channels:\nNFL Network http://www.youtube.com/nflnetwork\nNFL Films http://www.youtube.com/nflfilms\n\nFor all things NFL, visit the league's official website at http://www.nfl.com/\n\nWatch NFL Now: https://www.nfl.com/now\nListen to NFL podcasts: http://www.nfl.com/podcasts\nWatch the NFL network: http://nflnonline.nfl.com/\nDownload the NFL mobile app: https://www.nfl.com/apps\n2017 NFL Schedule: http://www.nfl.com/schedules\nBuy tickets to watch your favorite team:  http://www.nfl.com/tickets\nShop NFL: http://www.nflshop.com/source/bm-nflcom-Header-Shop-Tab\n\nLike us on Facebook: https://www.facebook.com/NFL\nFollow us on Twitter: https://twitter.com/NFL\nFollow us on Instagram: https://instagram.com/nfl/\nFind us on Snapchat"
"CA","Ae54RX-ml94","2018-02-05","2018-02-04 21:46:36","Justin Timberlake Gets Ready for the Super Bowl LII Halftime Show | NFL Network","NFL Network",52556,341,30,72,"Justin Timerblake gets ready for the Super Bowl LII Halftime Show.\n\nSubscribe to NFL Network: http://goo.gl/4GOLwY\n\nNFL Network schedule: http://www.nfl.com/network/schedule\n\nStart your free trial of NFL Game Pass: https://www.nfl.com/gamepass?campaign=sp-nf-gd-ot-yt-3000342\n\nCheck out our other channels:\nNFL http://www.youtube.com/nfl\nNFL Films http://www.youtube.com/nflfilms\n\nWatch NFL Now: https://www.nfl.com/now\nListen to NFL podcasts: http://www.nfl.com/podcasts\nWatch the NFL network: http://nflnonline.nfl.com/\nDownload the NFL mobile app: https://www.nfl.com/apps\n2016 NFL Schedule: http://www.nfl.com/schedules\nBuy tickets to watch your favorite team:  http://www.nfl.com/tickets\nShop NFL: http://www.nflshop.com/source/bm-nflcom-Header-Shop-Tab\n\nLike us on Facebook: https://www.facebook.com/NFLNetwork\nFollow us on Twitter: https://twitter.com/NFLNetwork\nFollow us on Instagram: https://instagram.com/nflnetwork/"
"US","NtFe5PM87BU","2018-02-17","2018-02-10 03:00:00","Top 100 Plays of the 2017 Season! | NFL Highlights","NFL",470082,7344,489,2197,"Check out the top 100 plays of the 2017 NFL season!\n\nWatch full games with NFL Game Pass: https://www.nfl.com/gamepass?campaign=sp-nf-gd-ot-yt-3000342\n\nSign up for Fantasy Football! http://www.nfl.com/fantasyfootball\n\nSubscribe to NFL: http://j.mp/1L0bVBu\n\nThe NFL YouTube channel is your home for immediate in-game highlights from your favorite teams and players, full NFL games, behind the scenes access and more!\n\nCheck out our other channels:\nNFL Network http://www.youtube.com/nflnetwork\nNFL Films http://www.youtube.com/nflfilms\n\nFor all things NFL, visit the league's official website at http://www.nfl.com/\n\nWatch NFL Now: https://www.nfl.com/now\nListen to NFL podcasts: http://www.nfl.com/podcasts\nWatch the NFL network: http://nflnonline.nfl.com/\nDownload the NFL mobile app: https://www.nfl.com/apps\n2017 NFL Schedule: http://www.nfl.com/schedules\nBuy tickets to watch your favorite team:  http://www.nfl.com/tickets\nShop NFL: http://www.nflshop.com/source/bm-nflcom-Header-Shop-Tab\n\nLike us on Facebook: https://www.facebook.com/NFL\nFollow us on Twitter: https://twitter.com/NFL\nFollow us on Instagram: https://instagram.com/nfl/\nFind us on Snapchat"
"US","6k1TQ59Yj5s","2017-12-22","2017-12-19 05:42:17","Top 15 Plays of Week 15 | 2017 NFL Highlights","NFL",123990,1417,101,360,"Check out the best 15 plays from Week 15 of the 2017 NFL Season!\n\nWatch full games with NFL Game Pass: https://www.nfl.com/gamepass?campaign=sp-nf-gd-ot-yt-3000342\n\nSign up for Fantasy Football! http://www.nfl.com/fantasyfootball\n\nSubscribe to NFL: http://j.mp/1L0bVBu\n\nThe NFL YouTube channel is your home for immediate in-game highlights from your favorite teams and players, full NFL games, behind the scenes access and more!\n\nCheck out our other channels:\nNFL Network http://www.youtube.com/nflnetwork\nNFL Films http://www.youtube.com/nflfilms\n\nFor all things NFL, visit the league's official website at http://www.nfl.com/\n\nWatch NFL Now: https://www.nfl.com/now\nListen to NFL podcasts: http://www.nfl.com/podcasts\nWatch the NFL network: http://nflnonline.nfl.com/\nDownload the NFL mobile app: https://www.nfl.com/apps\n2017 NFL Schedule: http://www.nfl.com/schedules\nBuy tickets to watch your favorite team:  http://www.nfl.com/tickets\nShop NFL: http://www.nflshop.com/source/bm-nflcom-Header-Shop-Tab\n\nLike us on Facebook: https://www.facebook.com/NFL\nFollow us on Twitter: https://twitter.com/NFL\nFollow us on Instagram: https://instagram.com/nfl/\nFind us on Snapchat"
"MX","Pu0k4IYi7uY","2017-11-27","2017-11-27 02:18:32","Randall's Big INT Leads to Williams' TD Catch-'n-Run! | Can't-Miss Play | NFL Wk 12","NFL",81773,306,61,53,"Green Bay Packers running back Jamaal Williams takes a quick screen pass to the house against the Pittsburgh Steelers in Week 12 of the 2017 NFL Season.\n\nWatch full games with NFL Game Pass: https://www.nfl.com/gamepass?campaign=sp-nf-gd-ot-yt-3000342\n\nSign up for Fantasy Football! http://www.nfl.com/fantasyfootball\n\nSubscribe to NFL: http://j.mp/1L0bVBu\n\nThe NFL YouTube channel is your home for immediate in-game highlights from your favorite teams and players, full NFL games, behind the scenes access and more!\n\nCheck out our other channels:\nNFL Network http://www.youtube.com/nflnetwork\nNFL Films http://www.youtube.com/nflfilms\n\nFor all things NFL, visit the league's official website at http://www.nfl.com/\n\nWatch NFL Now: https://www.nfl.com/now\nListen to NFL podcasts: http://www.nfl.com/podcasts\nWatch the NFL network: http://nflnonline.nfl.com/\nDownload the NFL mobile app: https://www.nfl.com/apps\n2017 NFL Schedule: http://www.nfl.com/schedules\nBuy tickets to watch your favorite team:  http://www.nfl.com/tickets\nShop NFL: http://www.nflshop.com/source/bm-nflcom-Header-Shop-Tab\n\nLike us on Facebook: https://www.facebook.com/NFL\nFollow us on Twitter: https://twitter.com/NFL\nFollow us on Instagram: https://instagram.com/nfl/\nFind us on Snapchat"
"CA","TRZPLiLl9HY","2017-11-15","2017-11-13 05:45:26","Patriots vs. Broncos | NFL Week 10 Game Highlights","NFL",1012191,7769,362,1528,"The New England Patriots battle the Denver Broncos in Week 10 of the 2017 NFL Season.\n\nWatch full games with NFL Game Pass: https://www.nfl.com/gamepass?campaign=sp-nf-gd-ot-yt-3000342\n\nSign up for Fantasy Football! http://www.nfl.com/fantasyfootball\n\nSubscribe to NFL: http://j.mp/1L0bVBu\n\nThe NFL YouTube channel is your home for immediate in-game highlights from your favorite teams and players, full NFL games, behind the scenes access and more!\n\nCheck out our other channels:\nNFL Network http://www.youtube.com/nflnetwork\nNFL Films http://www.youtube.com/nflfilms\n\nFor all things NFL, visit the league's official website at http://www.nfl.com/\n\nWatch NFL Now: https://www.nfl.com/now\nListen to NFL podcasts: http://www.nfl.com/podcasts\nWatch the NFL network: http://nflnonline.nfl.com/\nDownload the NFL mobile app: https://www.nfl.com/apps\n2017 NFL Schedule: http://www.nfl.com/schedules\nBuy tickets to watch your favorite team:  http://www.nfl.com/tickets\nShop NFL: http://www.nflshop.com/source/bm-nflcom-Header-Shop-Tab\n\nLike us on Facebook: https://www.facebook.com/NFL\nFollow us on Twitter: https://twitter.com/NFL\nFollow us on Instagram: https://instagram.com/nfl/\nFind us on Snapchat"
"US","JbQ4MwDdxSU","2017-12-01","2017-11-28 05:02:37","Texans vs. Ravens | NFL Week 12 Game Highlights","NFL",620204,4774,268,1356,"The Houston Texans take on the Baltimore Ravens in Week 12 of the 2017 NFL Season.\n\nWatch full games with NFL Game Pass: https://www.nfl.com/gamepass?campaign=sp-nf-gd-ot-yt-3000342\n\nSign up for Fantasy Football! http://www.nfl.com/fantasyfootball\n\nSubscribe to NFL: http://j.mp/1L0bVBu\n\nThe NFL YouTube channel is your home for immediate in-game highlights from your favorite teams and players, full NFL games, behind the scenes access and more!\n\nCheck out our other channels:\nNFL Network http://www.youtube.com/nflnetwork\nNFL Films http://www.youtube.com/nflfilms\n\nFor all things NFL, visit the league's official website at http://www.nfl.com/\n\nWatch NFL Now: https://www.nfl.com/now\nListen to NFL podcasts: http://www.nfl.com/podcasts\nWatch the NFL network: http://nflnonline.nfl.com/\nDownload the NFL mobile app: https://www.nfl.com/apps\n2017 NFL Schedule: http://www.nfl.com/schedules\nBuy tickets to watch your favorite team:  http://www.nfl.com/tickets\nShop NFL: http://www.nflshop.com/source/bm-nflcom-Header-Shop-Tab\n\nLike us on Facebook: https://www.facebook.com/NFL\nFollow us on Twitter: https://twitter.com/NFL\nFollow us on Instagram: https://instagram.com/nfl/\nFind us on Snapchat"
"US","iM4lgtCFMGw","2018-01-09","2018-01-08 02:00:50","Panthers vs. Saints | NFL Wild Card Game Highlights","NFL",1124072,8909,323,4117,"The Carolina Panthers take on the New Orleans Saints during Wild Card Weekend of the 2017 NFL Postseason.\n\nWatch full games with NFL Game Pass: https://www.nfl.com/gamepass?campaign=sp-nf-gd-ot-yt-3000342\n\nSign up for Fantasy Football! http://www.nfl.com/fantasyfootball\n\nSubscribe to NFL: http://j.mp/1L0bVBu\n\nThe NFL YouTube channel is your home for immediate in-game highlights from your favorite teams and players, full NFL games, behind the scenes access and more!\n\nCheck out our other channels:\nNFL Network http://www.youtube.com/nflnetwork\nNFL Films http://www.youtube.com/nflfilms\n\nFor all things NFL, visit the league's official website at http://www.nfl.com/\n\nWatch NFL Now: https://www.nfl.com/now\nListen to NFL podcasts: http://www.nfl.com/podcasts\nWatch the NFL network: http://nflnonline.nfl.com/\nDownload the NFL mobile app: https://www.nfl.com/apps\n2017 NFL Schedule: http://www.nfl.com/schedules\nBuy tickets to watch your favorite team:  http://www.nfl.com/tickets\nShop NFL: http://www.nflshop.com/source/bm-nflcom-Header-Shop-Tab\n\nLike us on Facebook: https://www.facebook.com/NFL\nFollow us on Twitter: https://twitter.com/NFL\nFollow us on Instagram: https://instagram.com/nfl/\nFind us on Snapchat"
"DE","8WRuxhmUseY","2018-01-08","2018-01-07 05:13:40","Falcons vs. Rams | NFL Wild Card Game Highlights","NFL",1135251,7653,419,3850,"The Atlanta Falcons take on the Los Angeles Rams during Wild Card Weekend of the 2017 NFL Postseason.\n\nWatch full games with NFL Game Pass: https://www.nfl.com/gamepass?campaign=sp-nf-gd-ot-yt-3000342\n\nSign up for Fantasy Football! http://www.nfl.com/fantasyfootball\n\nSubscribe to NFL: http://j.mp/1L0bVBu\n\nThe NFL YouTube channel is your home for immediate in-game highlights from your favorite teams and players, full NFL games, behind the scenes access and more!\n\nCheck out our other channels:\nNFL Network http://www.youtube.com/nflnetwork\nNFL Films http://www.youtube.com/nflfilms\n\nFor all things NFL, visit the league's official website at http://www.nfl.com/\n\nWatch NFL Now: https://www.nfl.com/now\nListen to NFL podcasts: http://www.nfl.com/podcasts\nWatch the NFL network: http://nflnonline.nfl.com/\nDownload the NFL mobile app: https://www.nfl.com/apps\n2017 NFL Schedule: http://www.nfl.com/schedules\nBuy tickets to watch your favorite team:  http://www.nfl.com/tickets\nShop NFL: http://www.nflshop.com/source/bm-nflcom-Header-Shop-Tab\n\nLike us on Facebook: https://www.facebook.com/NFL\nFollow us on Twitter: https://twitter.com/NFL\nFollow us on Instagram: https://instagram.com/nfl/\nFind us on Snapchat"
"US","v9wbMzkVseE","2017-12-20","2017-12-18 00:59:18","Patriots vs. Steelers | NFL Week 15 Game Highlights","NFL",2336544,19462,4484,15699,"The New England Patriots take on the Pittsburgh Steelers in Week 15 of the 2017 NFL Season.\n\nWatch full games with NFL Game Pass: https://www.nfl.com/gamepass?campaign=sp-nf-gd-ot-yt-3000342\n\nSign up for Fantasy Football! http://www.nfl.com/fantasyfootball\n\nSubscribe to NFL: http://j.mp/1L0bVBu\n\nThe NFL YouTube channel is your home for immediate in-game highlights from your favorite teams and players, full NFL games, behind the scenes access and more!\n\nCheck out our other channels:\nNFL Network http://www.youtube.com/nflnetwork\nNFL Films http://www.youtube.com/nflfilms\n\nFor all things NFL, visit the league's official website at http://www.nfl.com/\n\nWatch NFL Now: https://www.nfl.com/now\nListen to NFL podcasts: http://www.nfl.com/podcasts\nWatch the NFL network: http://nflnonline.nfl.com/\nDownload the NFL mobile app: https://www.nfl.com/apps\n2017 NFL Schedule: http://www.nfl.com/schedules\nBuy tickets to watch your favorite team:  http://www.nfl.com/tickets\nShop NFL: http://www.nflshop.com/source/bm-nflcom-Header-Shop-Tab\n\nLike us on Facebook: https://www.facebook.com/NFL\nFollow us on Twitter: https://twitter.com/NFL\nFollow us on Instagram: https://instagram.com/nfl/\nFind us on Snapchat"
"US","wx-M8sxcOp8","2017-11-27","2017-11-20 04:57:26","Eagles vs. Cowboys | NFL Week 11 Game Highlights","NFL",1462885,10301,751,4623,"The Philadelphia Eagles take on the Dallas Cowboys in Week 11 of the 2017 NFL Season.\n\nWatch full games with NFL Game Pass: https://www.nfl.com/gamepass?campaign=sp-nf-gd-ot-yt-3000342\n\nSign up for Fantasy Football! http://www.nfl.com/fantasyfootball\n\nSubscribe to NFL: http://j.mp/1L0bVBu\n\nThe NFL YouTube channel is your home for immediate in-game highlights from your favorite teams and players, full NFL games, behind the scenes access and more!\n\nCheck out our other channels:\nNFL Network http://www.youtube.com/nflnetwork\nNFL Films http://www.youtube.com/nflfilms\n\nFor all things NFL, visit the league's official website at http://www.nfl.com/\n\nWatch NFL Now: https://www.nfl.com/now\nListen to NFL podcasts: http://www.nfl.com/podcasts\nWatch the NFL network: http://nflnonline.nfl.com/\nDownload the NFL mobile app: https://www.nfl.com/apps\n2017 NFL Schedule: http://www.nfl.com/schedules\nBuy tickets to watch your favorite team:  http://www.nfl.com/tickets\nShop NFL: http://www.nflshop.com/source/bm-nflcom-Header-Shop-Tab\n\nLike us on Facebook: https://www.facebook.com/NFL\nFollow us on Twitter: https://twitter.com/NFL\nFollow us on Instagram: https://instagram.com/nfl/\nFind us on Snapchat"
"DE","kcSmQef9-xE","2017-12-12","2017-12-11 05:41:53","Ravens vs. Steelers | NFL Week 14 Game Highlights","NFL",1146663,10128,463,3230,"The Baltimore Ravens take on the Pittsburgh Steelers in Week 14 of the 2017 NFL Season.\n\nHave Your Say! Vote now for the 2018 Pro Bowl in Orlando: http://www.nfl.com/probowl/ballot\n\nWatch full games with NFL Game Pass: https://www.nfl.com/gamepass?campaign=sp-nf-gd-ot-yt-3000342\n\nSign up for Fantasy Football! http://www.nfl.com/fantasyfootball\n\nSubscribe to NFL: http://j.mp/1L0bVBu\n\nThe NFL YouTube channel is your home for immediate in-game highlights from your favorite teams and players, full NFL games, behind the scenes access and more!\n\nCheck out our other channels:\nNFL Network http://www.youtube.com/nflnetwork\nNFL Films http://www.youtube.com/nflfilms\n\nFor all things NFL, visit the league's official website at http://www.nfl.com/\n\nWatch NFL Now: https://www.nfl.com/now\nListen to NFL podcasts: http://www.nfl.com/podcasts\nWatch the NFL network: http://nflnonline.nfl.com/\nDownload the NFL mobile app: https://www.nfl.com/apps\n2017 NFL Schedule: http://www.nfl.com/schedules\nBuy tickets to watch your favorite team:  http://www.nfl.com/tickets\nShop NFL: http://www.nflshop.com/source/bm-nflcom-Header-Shop-Tab\n\nLike us on Facebook: https://www.facebook.com/NFL\nFollow us on Twitter: https://twitter.com/NFL\nFollow us on Instagram: https://instagram.com/nfl/\nFind us on Snapchat"
"DE","FVxzk7t13HM","2017-11-19","2017-11-17 05:33:33","Titans vs. Steelers | NFL Week 11 Game Highlights","NFL",1114865,9570,393,2172,"The Tennessee Titans take on the Pittsburgh Steelers in Week 11 of the 2017 NFL Season.\n\nWatch full games with NFL Game Pass: https://www.nfl.com/gamepass?campaign=sp-nf-gd-ot-yt-3000342\n\nSign up for Fantasy Football! http://www.nfl.com/fantasyfootball\n\nSubscribe to NFL: http://j.mp/1L0bVBu\n\nThe NFL YouTube channel is your home for immediate in-game highlights from your favorite teams and players, full NFL games, behind the scenes access and more!\n\nCheck out our other channels:\nNFL Network http://www.youtube.com/nflnetwork\nNFL Films http://www.youtube.com/nflfilms\n\nFor all things NFL, visit the league's official website at http://www.nfl.com/\n\nWatch NFL Now: https://www.nfl.com/now\nListen to NFL podcasts: http://www.nfl.com/podcasts\nWatch the NFL network: http://nflnonline.nfl.com/\nDownload the NFL mobile app: https://www.nfl.com/apps\n2017 NFL Schedule: http://www.nfl.com/schedules\nBuy tickets to watch your favorite team:  http://www.nfl.com/tickets\nShop NFL: http://www.nflshop.com/source/bm-nflcom-Header-Shop-Tab\n\nLike us on Facebook: https://www.facebook.com/NFL\nFollow us on Twitter: https://twitter.com/NFL\nFollow us on Instagram: https://instagram.com/nfl/\nFind us on Snapchat"
"GB","T_AyI8I4O3U","2018-01-28","2018-01-18 19:00:02","Keenum to Diggs Provides the Miracle in Minneapolis (NFC Divisional Round) | NFL Turning Point","NFL Films",68288,1077,17,227,"Minnesota Vikings wide receiver Stefon Diggs helps the Vikings advance to the NFC Championship game on a walk-off 61-yard touchdown against the New Orleans Saints in the NFC Divisional game.\n\nSubscribe to NFL Films: http://goo.gl/XJTggL\n\nStart your free trial of NFL Game Pass: https://www.nfl.com/gamepass?campaign=sp-nf-gd-ot-yt-3000342\n\nCheck out our other channels:\nNFL Network http://www.youtube.com/nflnetwork\nNFL http://www.youtube.com/nfl\n\nWatch NFL Now: https://www.nfl.com/now\nListen to NFL podcasts: http://www.nfl.com/podcasts\nWatch the NFL network: http://nflnonline.nfl.com/\nDownload the NFL mobile app: https://www.nfl.com/apps\n2016 NFL Schedule: http://www.nfl.com/schedules\nBuy tickets to watch your favorite team:  http://www.nfl.com/tickets\nShop NFL: http://www.nflshop.com/source/bm-nflcom-Header-Shop-Tab\n\nLike us on Facebook: https://www.facebook.com/NFLFilms\nFollow us on Twitter: https://twitter.com/NFLFilms\nFollow us on Instagram: https://instagram.com/nflfilms/"
"US","lQkc0DcS7O4","2018-03-09","2018-03-03 20:06:38","Baker Mayfield & Josh Allen Put on a Show for Workouts! | NFL Combine Highlights","NFL",1108366,6294,275,1218,"Check out quarterback prospects Baker Mayfield and Josh Allen as they show their talents at the NFL Scouting Combine.\n\nWatch full games with NFL Game Pass: https://www.nfl.com/gamepass?campaign=sp-nf-gd-ot-yt-3000342\n\nSign up for Fantasy Football! http://www.nfl.com/fantasyfootball\n\nSubscribe to NFL: http://j.mp/1L0bVBu\n\nThe NFL YouTube channel is your home for immediate in-game highlights from your favorite teams and players, full NFL games, behind the scenes access and more!\n\nCheck out our other channels:\nNFL Network http://www.youtube.com/nflnetwork\nNFL Films http://www.youtube.com/nflfilms\n\nFor all things NFL, visit the league's official website at http://www.nfl.com/\n\nWatch NFL Now: https://www.nfl.com/now\nListen to NFL podcasts: http://www.nfl.com/podcasts\nWatch the NFL network: http://nflnonline.nfl.com/\nDownload the NFL mobile app: https://www.nfl.com/apps\n2017 NFL Schedule: http://www.nfl.com/schedules\nBuy tickets to watch your favorite team:  http://www.nfl.com/tickets\nShop NFL: http://www.nflshop.com/source/bm-nflcom-Header-Shop-Tab\n\nLike us on Facebook: https://www.facebook.com/NFL\nFollow us on Twitter: https://twitter.com/NFL\nFollow us on Instagram: https://instagram.com/nfl/\nFind us on Snapchat"
"CA","yKbJKJ_whHY","2017-12-26","2017-12-25 01:12:49","Seahawks vs. Cowboys | NFL Week 16 Game Highlights","NFL",792062,5988,453,3513,"The Seattle Seahawks take on the Dallas Cowboys in Week 16 of the 2017 NFL Season.\n\nWatch full games with NFL Game Pass: https://www.nfl.com/gamepass?campaign=sp-nf-gd-ot-yt-3000342\n\nSign up for Fantasy Football! http://www.nfl.com/fantasyfootball\n\nSubscribe to NFL: http://j.mp/1L0bVBu\n\nThe NFL YouTube channel is your home for immediate in-game highlights from your favorite teams and players, full NFL games, behind the scenes access and more!\n\nCheck out our other channels:\nNFL Network http://www.youtube.com/nflnetwork\nNFL Films http://www.youtube.com/nflfilms\n\nFor all things NFL, visit the league's official website at http://www.nfl.com/\n\nWatch NFL Now: https://www.nfl.com/now\nListen to NFL podcasts: http://www.nfl.com/podcasts\nWatch the NFL network: http://nflnonline.nfl.com/\nDownload the NFL mobile app: https://www.nfl.com/apps\n2017 NFL Schedule: http://www.nfl.com/schedules\nBuy tickets to watch your favorite team:  http://www.nfl.com/tickets\nShop NFL: http://www.nflshop.com/source/bm-nflcom-Header-Shop-Tab\n\nLike us on Facebook: https://www.facebook.com/NFL\nFollow us on Twitter: https://twitter.com/NFL\nFollow us on Instagram: https://instagram.com/nfl/\nFind us on Snapchat"
"US","RFeQ_Ul1jB0","2018-01-14","2018-01-09 21:54:00","Jon Gruden Introduced as Raiders Head Coach, I want to win | NFL","NFL",337580,5296,148,1904,"The Oakland Raiders introduce Jon Gruden as their new Head Coach.\n\nWatch full games with NFL Game Pass: https://www.nfl.com/gamepass?campaign=sp-nf-gd-ot-yt-3000342\n\nSign up for Fantasy Football! http://www.nfl.com/fantasyfootball\n\nSubscribe to NFL: http://j.mp/1L0bVBu\n\nThe NFL YouTube channel is your home for immediate in-game highlights from your favorite teams and players, full NFL games, behind the scenes access and more!\n\nCheck out our other channels:\nNFL Network http://www.youtube.com/nflnetwork\nNFL Films http://www.youtube.com/nflfilms\n\nFor all things NFL, visit the league's official website at http://www.nfl.com/\n\nWatch NFL Now: https://www.nfl.com/now\nListen to NFL podcasts: http://www.nfl.com/podcasts\nWatch the NFL network: http://nflnonline.nfl.com/\nDownload the NFL mobile app: https://www.nfl.com/apps\n2017 NFL Schedule: http://www.nfl.com/schedules\nBuy tickets to watch your favorite team:  http://www.nfl.com/tickets\nShop NFL: http://www.nflshop.com/source/bm-nflcom-Header-Shop-Tab\n\nLike us on Facebook: https://www.facebook.com/NFL\nFollow us on Twitter: https://twitter.com/NFL\nFollow us on Instagram: https://instagram.com/nfl/\nFind us on Snapchat"
"US","Zvg6b6q1s-Y","2018-01-26","2018-01-23 01:00:03","Patriots vs. Eagles: Super Bowl XXXIX Full Highlights | NFL","NFL",516574,5680,263,2063,"Full highlights from Super Bowl XXXIX between the Philadelphia Eagles and the New England Patriots.\n\nWatch full games with NFL Game Pass: https://www.nfl.com/gamepass?campaign=sp-nf-gd-ot-yt-3000342\n\nSign up for Fantasy Football! http://www.nfl.com/fantasyfootball\n\nSubscribe to NFL: http://j.mp/1L0bVBu\n\nThe NFL YouTube channel is your home for immediate in-game highlights from your favorite teams and players, full NFL games, behind the scenes access and more!\n\nCheck out our other channels:\nNFL Network http://www.youtube.com/nflnetwork\nNFL Films http://www.youtube.com/nflfilms\n\nFor all things NFL, visit the league's official website at http://www.nfl.com/\n\nWatch NFL Now: https://www.nfl.com/now\nListen to NFL podcasts: http://www.nfl.com/podcasts\nWatch the NFL network: http://nflnonline.nfl.com/\nDownload the NFL mobile app: https://www.nfl.com/apps\n2017 NFL Schedule: http://www.nfl.com/schedules\nBuy tickets to watch your favorite team:  http://www.nfl.com/tickets\nShop NFL: http://www.nflshop.com/source/bm-nflcom-Header-Shop-Tab\n\nLike us on Facebook: https://www.facebook.com/NFL\nFollow us on Twitter: https://twitter.com/NFL\nFollow us on Instagram: https://instagram.com/nfl/\nFind us on Snapchat"
"CA","IqTPC4z-tsU","2018-02-01","2018-01-29 15:26:50","Tom Brady cuts interview short due to comments regarding his daughter","NFL World",72073,342,12,268,"Follow Us on Twitter: https://twitter.com/NFLWorldChannel\n\n\n\nFor more information, as well as all the latest NFL news and highlights, log onto the league's official website at http://www.NFL.com \n\nDISCLAIMER - All clips property of the NFL. No copyright infringement is intended, all videos are edited to follow the Free Use guideline of YouTube."
"CA","SElT590QmTY","2017-11-14","2017-11-12 21:43:35","Vikings vs. Redskins | NFL Week 10 Game Highlights","NFL",439507,2557,133,1294,"The Minnesota Vikings battle the Washington Redskins in Week 10 of the 2017 NFL Season.\n\nWatch full games with NFL Game Pass: https://www.nfl.com/gamepass?campaign=sp-nf-gd-ot-yt-3000342\n\nSign up for Fantasy Football! http://www.nfl.com/fantasyfootball\n\nSubscribe to NFL: http://j.mp/1L0bVBu\n\nThe NFL YouTube channel is your home for immediate in-game highlights from your favorite teams and players, full NFL games, behind the scenes access and more!\n\nCheck out our other channels:\nNFL Network http://www.youtube.com/nflnetwork\nNFL Films http://www.youtube.com/nflfilms\n\nFor all things NFL, visit the league's official website at http://www.nfl.com/\n\nWatch NFL Now: https://www.nfl.com/now\nListen to NFL podcasts: http://www.nfl.com/podcasts\nWatch the NFL network: http://nflnonline.nfl.com/\nDownload the NFL mobile app: https://www.nfl.com/apps\n2017 NFL Schedule: http://www.nfl.com/schedules\nBuy tickets to watch your favorite team:  http://www.nfl.com/tickets\nShop NFL: http://www.nflshop.com/source/bm-nflcom-Header-Shop-Tab\n\nLike us on Facebook: https://www.facebook.com/NFL\nFollow us on Twitter: https://twitter.com/NFL\nFollow us on Instagram: https://instagram.com/nfl/\nFind us on Snapchat"
"US","O3ttybJghsc","2018-01-02","2017-12-26 05:26:03","Raiders vs. Eagles | NFL Week 16 Game Highlights","NFL",1145202,8821,619,2661,"The Oakland Raiders take on the Philadelphia Eagles in Week 16 of the 2017 NFL Season.\n\nWatch full games with NFL Game Pass: https://www.nfl.com/gamepass?campaign=sp-nf-gd-ot-yt-3000342\n\nSign up for Fantasy Football! http://www.nfl.com/fantasyfootball\n\nSubscribe to NFL: http://j.mp/1L0bVBu\n\nThe NFL YouTube channel is your home for immediate in-game highlights from your favorite teams and players, full NFL games, behind the scenes access and more!\n\nCheck out our other channels:\nNFL Network http://www.youtube.com/nflnetwork\nNFL Films http://www.youtube.com/nflfilms\n\nFor all things NFL, visit the league's official website at http://www.nfl.com/\n\nWatch NFL Now: https://www.nfl.com/now\nListen to NFL podcasts: http://www.nfl.com/podcasts\nWatch the NFL network: http://nflnonline.nfl.com/\nDownload the NFL mobile app: https://www.nfl.com/apps\n2017 NFL Schedule: http://www.nfl.com/schedules\nBuy tickets to watch your favorite team:  http://www.nfl.com/tickets\nShop NFL: http://www.nflshop.com/source/bm-nflcom-Header-Shop-Tab\n\nLike us on Facebook: https://www.facebook.com/NFL\nFollow us on Twitter: https://twitter.com/NFL\nFollow us on Instagram: https://instagram.com/nfl/\nFind us on Snapchat"
"GB","2z3EUY1aXdY","2018-03-14","2018-02-05 01:51:53","Justin Timberlakeâ€™s FULL Pepsi Super Bowl LII Halftime Show! | NFL Highlights","NFL",14251760,169320,54005,31899,"Justin Timberlake breaks it down during the Pepsi Super Bowl LII Halftime Show. The Philadelphia Eagles take on the New England Patriots during Super Bowl LII.\n\nWatch full games with NFL Game Pass: https://www.nfl.com/gamepass?campaign=sp-nf-gd-ot-yt-3000342\n\nSign up for Fantasy Football! http://www.nfl.com/fantasyfootball\n\nSubscribe to NFL: http://j.mp/1L0bVBu\n\nThe NFL YouTube channel is your home for immediate in-game highlights from your favorite teams and players, full NFL games, behind the scenes access and more!\n\nCheck out our other channels:\nNFL Network http://www.youtube.com/nflnetwork\nNFL Films http://www.youtube.com/nflfilms\n\nFor all things NFL, visit the league's official website at http://www.nfl.com/\n\nWatch NFL Now: https://www.nfl.com/now\nListen to NFL podcasts: http://www.nfl.com/podcasts\nWatch the NFL network: http://nflnonline.nfl.com/\nDownload the NFL mobile app: https://www.nfl.com/apps\n2017 NFL Schedule: http://www.nfl.com/schedules\nBuy tickets to watch your favorite team:  http://www.nfl.com/tickets\nShop NFL: http://www.nflshop.com/source/bm-nflcom-Header-Shop-Tab\n\nLike us on Facebook: https://www.facebook.com/NFL\nFollow us on Twitter: https://twitter.com/NFL\nFollow us on Instagram: https://instagram.com/nfl/\nFind us on Snapchat"
"DE","qMyBtMf0JxY","2018-01-02","2018-01-01 02:54:08","Cardinals vs. Seahawks | NFL Week 17 Game Highlights","NFL",417442,2717,190,1778,"The Arizona Cardinals take on the Seattle Seahawks in Week 17 of the 2017 NFL Season.\n\nWatch full games with NFL Game Pass: https://www.nfl.com/gamepass?campaign=sp-nf-gd-ot-yt-3000342\n\nSign up for Fantasy Football! http://www.nfl.com/fantasyfootball\n\nSubscribe to NFL: http://j.mp/1L0bVBu\n\nThe NFL YouTube channel is your home for immediate in-game highlights from your favorite teams and players, full NFL games, behind the scenes access and more!\n\nCheck out our other channels:\nNFL Network http://www.youtube.com/nflnetwork\nNFL Films http://www.youtube.com/nflfilms\n\nFor all things NFL, visit the league's official website at http://www.nfl.com/\n\nWatch NFL Now: https://www.nfl.com/now\nListen to NFL podcasts: http://www.nfl.com/podcasts\nWatch the NFL network: http://nflnonline.nfl.com/\nDownload the NFL mobile app: https://www.nfl.com/apps\n2017 NFL Schedule: http://www.nfl.com/schedules\nBuy tickets to watch your favorite team:  http://www.nfl.com/tickets\nShop NFL: http://www.nflshop.com/source/bm-nflcom-Header-Shop-Tab\n\nLike us on Facebook: https://www.facebook.com/NFL\nFollow us on Twitter: https://twitter.com/NFL\nFollow us on Instagram: https://instagram.com/nfl/\nFind us on Snapchat"
"MX","301yDF2fIf4","2017-12-04","2017-12-03 21:30:09","Patriots vs. Bills | NFL Week 13 Game Highlights","NFL",324779,2909,143,1428,"The New England Patriots take on the Buffalo Bills in Week 13 of the 2017 NFL Season.\n\nWatch full games with NFL Game Pass: https://www.nfl.com/gamepass?campaign=sp-nf-gd-ot-yt-3000342\n\nSign up for Fantasy Football! http://www.nfl.com/fantasyfootball\n\nSubscribe to NFL: http://j.mp/1L0bVBu\n\nThe NFL YouTube channel is your home for immediate in-game highlights from your favorite teams and players, full NFL games, behind the scenes access and more!\n\nCheck out our other channels:\nNFL Network http://www.youtube.com/nflnetwork\nNFL Films http://www.youtube.com/nflfilms\n\nFor all things NFL, visit the league's official website at http://www.nfl.com/\n\nWatch NFL Now: https://www.nfl.com/now\nListen to NFL podcasts: http://www.nfl.com/podcasts\nWatch the NFL network: http://nflnonline.nfl.com/\nDownload the NFL mobile app: https://www.nfl.com/apps\n2017 NFL Schedule: http://www.nfl.com/schedules\nBuy tickets to watch your favorite team:  http://www.nfl.com/tickets\nShop NFL: http://www.nflshop.com/source/bm-nflcom-Header-Shop-Tab\n\nLike us on Facebook: https://www.facebook.com/NFL\nFollow us on Twitter: https://twitter.com/NFL\nFollow us on Instagram: https://instagram.com/nfl/\nFind us on Snapchat"
"US","z1FfOwjlqxU","2017-12-12","2017-12-05 05:37:07","Steelers vs. Bengals | NFL Week 13 Game Highlights","NFL",1376133,8879,1198,3040,"The Pittsburgh Steelers take on the Cincinnati Bengals in Week 13 of the 2017 NFL Season.\n\nWatch full games with NFL Game Pass: https://www.nfl.com/gamepass?campaign=sp-nf-gd-ot-yt-3000342\n\nSign up for Fantasy Football! http://www.nfl.com/fantasyfootball\n\nSubscribe to NFL: http://j.mp/1L0bVBu\n\nThe NFL YouTube channel is your home for immediate in-game highlights from your favorite teams and players, full NFL games, behind the scenes access and more!\n\nCheck out our other channels:\nNFL Network http://www.youtube.com/nflnetwork\nNFL Films http://www.youtube.com/nflfilms\n\nFor all things NFL, visit the league's official website at http://www.nfl.com/\n\nWatch NFL Now: https://www.nfl.com/now\nListen to NFL podcasts: http://www.nfl.com/podcasts\nWatch the NFL network: http://nflnonline.nfl.com/\nDownload the NFL mobile app: https://www.nfl.com/apps\n2017 NFL Schedule: http://www.nfl.com/schedules\nBuy tickets to watch your favorite team:  http://www.nfl.com/tickets\nShop NFL: http://www.nflshop.com/source/bm-nflcom-Header-Shop-Tab\n\nLike us on Facebook: https://www.facebook.com/NFL\nFollow us on Twitter: https://twitter.com/NFL\nFollow us on Instagram: https://instagram.com/nfl/\nFind us on Snapchat"
"CA","kRupYgqwtf8","2017-11-27","2017-11-26 22:05:54","Bills vs. Chiefs | NFL Week 12 Game Highlights","NFL",191815,1308,85,924,"The Buffalo Bills take on the Kansas City Chiefs in Week 12 of the 2017 NFL Season.\n\nWatch full games with NFL Game Pass: https://www.nfl.com/gamepass?campaign=sp-nf-gd-ot-yt-3000342\n\nSign up for Fantasy Football! http://www.nfl.com/fantasyfootball\n\nSubscribe to NFL: http://j.mp/1L0bVBu\n\nThe NFL YouTube channel is your home for immediate in-game highlights from your favorite teams and players, full NFL games, behind the scenes access and more!\n\nCheck out our other channels:\nNFL Network http://www.youtube.com/nflnetwork\nNFL Films http://www.youtube.com/nflfilms\n\nFor all things NFL, visit the league's official website at http://www.nfl.com/\n\nWatch NFL Now: https://www.nfl.com/now\nListen to NFL podcasts: http://www.nfl.com/podcasts\nWatch the NFL network: http://nflnonline.nfl.com/\nDownload the NFL mobile app: https://www.nfl.com/apps\n2017 NFL Schedule: http://www.nfl.com/schedules\nBuy tickets to watch your favorite team:  http://www.nfl.com/tickets\nShop NFL: http://www.nflshop.com/source/bm-nflcom-Header-Shop-Tab\n\nLike us on Facebook: https://www.facebook.com/NFL\nFollow us on Twitter: https://twitter.com/NFL\nFollow us on Instagram: https://instagram.com/nfl/\nFind us on Snapchat"
"US","OJzpoj_NxqQ","2018-01-20","2018-01-15 01:19:03","Stefon Diggs Makes Miracle TD Catch on Last Play, Vikings Win! ðŸ¦„ | Can't-Miss Play | NFL HLs","NFL",3112787,32579,2079,11543,"The Minnesota Vikings somehow win the game after one of the craziest 4th quarters ever. The New Orleans Saints take on the Minnesota Vikings in the Divisional Round of the 2017 NFL Postseason.\n\nWatch full games with NFL Game Pass: https://www.nfl.com/gamepass?campaign=sp-nf-gd-ot-yt-3000342\n\nSign up for Fantasy Football! http://www.nfl.com/fantasyfootball\n\nSubscribe to NFL: http://j.mp/1L0bVBu\n\nThe NFL YouTube channel is your home for immediate in-game highlights from your favorite teams and players, full NFL games, behind the scenes access and more!\n\nCheck out our other channels:\nNFL Network http://www.youtube.com/nflnetwork\nNFL Films http://www.youtube.com/nflfilms\n\nFor all things NFL, visit the league's official website at http://www.nfl.com/\n\nWatch NFL Now: https://www.nfl.com/now\nListen to NFL podcasts: http://www.nfl.com/podcasts\nWatch the NFL network: http://nflnonline.nfl.com/\nDownload the NFL mobile app: https://www.nfl.com/apps\n2017 NFL Schedule: http://www.nfl.com/schedules\nBuy tickets to watch your favorite team:  http://www.nfl.com/tickets\nShop NFL: http://www.nflshop.com/source/bm-nflcom-Header-Shop-Tab\n\nLike us on Facebook: https://www.facebook.com/NFL\nFollow us on Twitter: https://twitter.com/NFL\nFollow us on Instagram: https://instagram.com/nfl/\nFind us on Snapchat"
"US","eOcJ27xT99w","2018-01-03","2018-01-01 19:52:05","Every NFL Team's Best Play from the 2017 Season! | NFL Highlights","NFL",161543,2765,113,658,"With the 2017 NFL regular season in the books take a look at every team's best play from an action-packed season!\n\nWatch full games with NFL Game Pass: https://www.nfl.com/gamepass?campaign=sp-nf-gd-ot-yt-3000342\n\nSign up for Fantasy Football! http://www.nfl.com/fantasyfootball\n\nSubscribe to NFL: http://j.mp/1L0bVBu\n\nThe NFL YouTube channel is your home for immediate in-game highlights from your favorite teams and players, full NFL games, behind the scenes access and more!\n\nCheck out our other channels:\nNFL Network http://www.youtube.com/nflnetwork\nNFL Films http://www.youtube.com/nflfilms\n\nFor all things NFL, visit the league's official website at http://www.nfl.com/\n\nWatch NFL Now: https://www.nfl.com/now\nListen to NFL podcasts: http://www.nfl.com/podcasts\nWatch the NFL network: http://nflnonline.nfl.com/\nDownload the NFL mobile app: https://www.nfl.com/apps\n2017 NFL Schedule: http://www.nfl.com/schedules\nBuy tickets to watch your favorite team:  http://www.nfl.com/tickets\nShop NFL: http://www.nflshop.com/source/bm-nflcom-Header-Shop-Tab\n\nLike us on Facebook: https://www.facebook.com/NFL\nFollow us on Twitter: https://twitter.com/NFL\nFollow us on Instagram: https://instagram.com/nfl/\nFind us on Snapchat"
"CA","QzfnWcHhdyQ","2017-11-29","2017-11-27 05:22:00","Packers vs. Steelers | NFL Week 12 Game Highlights","NFL",1332547,11898,1033,3678,"The Green Bay Packers take on the Pittsburgh Steelers in Week 12 of the 2017 NFL Season.\n\nWatch full games with NFL Game Pass: https://www.nfl.com/gamepass?campaign=sp-nf-gd-ot-yt-3000342\n\nSign up for Fantasy Football! http://www.nfl.com/fantasyfootball\n\nSubscribe to NFL: http://j.mp/1L0bVBu\n\nThe NFL YouTube channel is your home for immediate in-game highlights from your favorite teams and players, full NFL games, behind the scenes access and more!\n\nCheck out our other channels:\nNFL Network http://www.youtube.com/nflnetwork\nNFL Films http://www.youtube.com/nflfilms\n\nFor all things NFL, visit the league's official website at http://www.nfl.com/\n\nWatch NFL Now: https://www.nfl.com/now\nListen to NFL podcasts: http://www.nfl.com/podcasts\nWatch the NFL network: http://nflnonline.nfl.com/\nDownload the NFL mobile app: https://www.nfl.com/apps\n2017 NFL Schedule: http://www.nfl.com/schedules\nBuy tickets to watch your favorite team:  http://www.nfl.com/tickets\nShop NFL: http://www.nflshop.com/source/bm-nflcom-Header-Shop-Tab\n\nLike us on Facebook: https://www.facebook.com/NFL\nFollow us on Twitter: https://twitter.com/NFL\nFollow us on Instagram: https://instagram.com/nfl/\nFind us on Snapchat"
"MX","cXwy3qvyOQk","2017-11-21","2017-11-20 01:05:38","Patriots vs. Raiders | NFL Week 11 Game Highlights","NFL",888167,6196,374,2298,"The New England Patriots take on the Oakland Raiders in Week 11 of the 2017 NFL Season.\n\nWatch full games with NFL Game Pass: https://www.nfl.com/gamepass?campaign=sp-nf-gd-ot-yt-3000342\n\nSign up for Fantasy Football! http://www.nfl.com/fantasyfootball\n\nSubscribe to NFL: http://j.mp/1L0bVBu\n\nThe NFL YouTube channel is your home for immediate in-game highlights from your favorite teams and players, full NFL games, behind the scenes access and more!\n\nCheck out our other channels:\nNFL Network http://www.youtube.com/nflnetwork\nNFL Films http://www.youtube.com/nflfilms\n\nFor all things NFL, visit the league's official website at http://www.nfl.com/\n\nWatch NFL Now: https://www.nfl.com/now\nListen to NFL podcasts: http://www.nfl.com/podcasts\nWatch the NFL network: http://nflnonline.nfl.com/\nDownload the NFL mobile app: https://www.nfl.com/apps\n2017 NFL Schedule: http://www.nfl.com/schedules\nBuy tickets to watch your favorite team:  http://www.nfl.com/tickets\nShop NFL: http://www.nflshop.com/source/bm-nflcom-Header-Shop-Tab\n\nLike us on Facebook: https://www.facebook.com/NFL\nFollow us on Twitter: https://twitter.com/NFL\nFollow us on Instagram: https://instagram.com/nfl/\nFind us on Snapchat"
"DE","-gt1BZUCqsA","2017-12-09","2017-12-08 05:11:21","Saints vs. Falcons | NFL Week 14 Game Highlights","NFL",960816,8639,512,4428,"The New Orleans Saints take on the Atlanta Falcons in Week 14 of the 2017 NFL Season.\n\nHave Your Say! Vote now for the 2018 Pro Bowl in Orlando: http://www.nfl.com/probowl/ballot\n\nWatch full games with NFL Game Pass: https://www.nfl.com/gamepass?campaign=sp-nf-gd-ot-yt-3000342\n\nSign up for Fantasy Football! http://www.nfl.com/fantasyfootball\n\nSubscribe to NFL: http://j.mp/1L0bVBu\n\nThe NFL YouTube channel is your home for immediate in-game highlights from your favorite teams and players, full NFL games, behind the scenes access and more!\n\nCheck out our other channels:\nNFL Network http://www.youtube.com/nflnetwork\nNFL Films http://www.youtube.com/nflfilms\n\nFor all things NFL, visit the league's official website at http://www.nfl.com/\n\nWatch NFL Now: https://www.nfl.com/now\nListen to NFL podcasts: http://www.nfl.com/podcasts\nWatch the NFL network: http://nflnonline.nfl.com/\nDownload the NFL mobile app: https://www.nfl.com/apps\n2017 NFL Schedule: http://www.nfl.com/schedules\nBuy tickets to watch your favorite team:  http://www.nfl.com/tickets\nShop NFL: http://www.nflshop.com/source/bm-nflcom-Header-Shop-Tab\n\nLike us on Facebook: https://www.facebook.com/NFL\nFollow us on Twitter: https://twitter.com/NFL\nFollow us on Instagram: https://instagram.com/nfl/\nFind us on Snapchat"
"US","4_eVvzrTV-I","2018-05-07","2018-04-28 18:18:40","Shaquem Griffin Gets Selected by the Seattle Seahawks | 2018 NFL Draft","NFL",253623,3297,88,498,"The Seattle Seahawks selected UCF linebackers, Shaquem Griffin,  in the 5th round of the 2018 NFL Draft.Check out our other channels:NFL Network http://www.youtube.com/nflnetworkNFL Films http://www.youtube.com/nflfilmsNFL Rush https://www.youtube.com/nflrush"
"US","Hpv3jqmYRjk","2018-02-11","2018-02-08 03:00:00","Eagles vs. Patriots Mic'd Up You Want Philly Philly? | Super Bowl LII | NFL Sound FX","NFL",1426393,26029,588,3798,"Listen to the best mic'd up moments from Super Bowl LII the Philadelphia Eagles against the New England Patriots.\n \nWatch full games with NFL Game Pass: https://www.nfl.com/gamepass?campaign=sp-nf-gd-ot-yt-3000342\n\nSign up for Fantasy Football! http://www.nfl.com/fantasyfootball\n\nSubscribe to NFL: http://j.mp/1L0bVBu\n\nThe NFL YouTube channel is your home for immediate in-game highlights from your favorite teams and players, full NFL games, behind the scenes access and more!\n\nCheck out our other channels:\nNFL Network http://www.youtube.com/nflnetwork\nNFL Films http://www.youtube.com/nflfilms\n\nFor all things NFL, visit the league's official website at http://www.nfl.com/\n\nWatch NFL Now: https://www.nfl.com/now\nListen to NFL podcasts: http://www.nfl.com/podcasts\nWatch the NFL network: http://nflnonline.nfl.com/\nDownload the NFL mobile app: https://www.nfl.com/apps\n2017 NFL Schedule: http://www.nfl.com/schedules\nBuy tickets to watch your favorite team:  http://www.nfl.com/tickets\nShop NFL: http://www.nflshop.com/source/bm-nflcom-Header-Shop-Tab\n\nLike us on Facebook: https://www.facebook.com/NFL\nFollow us on Twitter: https://twitter.com/NFL\nFollow us on Instagram: https://instagram.com/nfl/\nFind us on Snapchat"
"US","POcPgCMwYGE","2017-12-17","2017-12-14 07:00:02","Best Mic'd Up Sounds of Week 14, 2017 | Sound FX | NFL Films","NFL",101289,1767,33,224,"Listen to the best sounds of Week 14 from the 2017 NFL season.\n\nWatch full games with NFL Game Pass: https://www.nfl.com/gamepass?campaign=sp-nf-gd-ot-yt-3000342\n\nSign up for Fantasy Football! http://www.nfl.com/fantasyfootball\n\nSubscribe to NFL: http://j.mp/1L0bVBu\n\nThe NFL YouTube channel is your home for immediate in-game highlights from your favorite teams and players, full NFL games, behind the scenes access and more!\n\nCheck out our other channels:\nNFL Network http://www.youtube.com/nflnetwork\nNFL Films http://www.youtube.com/nflfilms\n\nFor all things NFL, visit the league's official website at http://www.nfl.com/\n\nWatch NFL Now: https://www.nfl.com/now\nListen to NFL podcasts: http://www.nfl.com/podcasts\nWatch the NFL network: http://nflnonline.nfl.com/\nDownload the NFL mobile app: https://www.nfl.com/apps\n2017 NFL Schedule: http://www.nfl.com/schedules\nBuy tickets to watch your favorite team:  http://www.nfl.com/tickets\nShop NFL: http://www.nflshop.com/source/bm-nflcom-Header-Shop-Tab\n\nLike us on Facebook: https://www.facebook.com/NFL\nFollow us on Twitter: https://twitter.com/NFL\nFollow us on Instagram: https://instagram.com/nfl/\nFind us on Snapchat"
"US","3HhK7HbX3Qs","2018-02-14","2018-02-05 04:10:03","Fletcher Cox & Kevin Hart's Hilarious Post Super Bowl LII Interview | NFL GameDay Prime","NFL Network",1598439,13453,629,1389,"Fletcher Cox & Kevin Hart talk with the GameDay Prime crew after Philadelphia Eagles Super Bowl LII win over the New England Patriots.\n\nSubscribe to NFL Network: http://goo.gl/4GOLwY\n\nNFL Network schedule: http://www.nfl.com/network/schedule\n\nStart your free trial of NFL Game Pass: https://www.nfl.com/gamepass?campaign=sp-nf-gd-ot-yt-3000342\n\nCheck out our other channels:\nNFL http://www.youtube.com/nfl\nNFL Films http://www.youtube.com/nflfilms\n\nWatch NFL Now: https://www.nfl.com/now\nListen to NFL podcasts: http://www.nfl.com/podcasts\nWatch the NFL network: http://nflnonline.nfl.com/\nDownload the NFL mobile app: https://www.nfl.com/apps\n2016 NFL Schedule: http://www.nfl.com/schedules\nBuy tickets to watch your favorite team:  http://www.nfl.com/tickets\nShop NFL: http://www.nflshop.com/source/bm-nflcom-Header-Shop-Tab\n\nLike us on Facebook: https://www.facebook.com/NFLNetwork\nFollow us on Twitter: https://twitter.com/NFLNetwork\nFollow us on Instagram: https://instagram.com/nflnetwork/"
"US","ZZIq3bSOD_g","2017-12-27","2017-12-22 01:27:19","Rams vs. Titans: The Super Bowl that was Decided by an Inch | Grudge Match | NFL Highlights","NFL",32275,916,25,216,"Kurt Warner and Isaac Bruce recount their experiences from Super Bowl XXIV between the Rams and the Titans.\n\nWatch full games with NFL Game Pass: https://www.nfl.com/gamepass?campaign=sp-nf-gd-ot-yt-3000342\n\nSign up for Fantasy Football! http://www.nfl.com/fantasyfootball\n\nSubscribe to NFL: http://j.mp/1L0bVBu\n\nThe NFL YouTube channel is your home for immediate in-game highlights from your favorite teams and players, full NFL games, behind the scenes access and more!\n\nCheck out our other channels:\nNFL Network http://www.youtube.com/nflnetwork\nNFL Films http://www.youtube.com/nflfilms\n\nFor all things NFL, visit the league's official website at http://www.nfl.com/\n\nWatch NFL Now: https://www.nfl.com/now\nListen to NFL podcasts: http://www.nfl.com/podcasts\nWatch the NFL network: http://nflnonline.nfl.com/\nDownload the NFL mobile app: https://www.nfl.com/apps\n2017 NFL Schedule: http://www.nfl.com/schedules\nBuy tickets to watch your favorite team:  http://www.nfl.com/tickets\nShop NFL: http://www.nflshop.com/source/bm-nflcom-Header-Shop-Tab\n\nLike us on Facebook: https://www.facebook.com/NFL\nFollow us on Twitter: https://twitter.com/NFL\nFollow us on Instagram: https://instagram.com/nfl/\nFind us on Snapchat"
"CA","Jts0uiY03iY","2017-11-23","2017-11-21 05:35:52","Falcons vs. Seahawks | NFL Week 11 Game Highlights","NFL",1131052,9276,495,3432,"The Atlanta Falcons take on the Seattle Seahawks in Week 11 of the 2017 NFL Season.\n\nWatch full games with NFL Game Pass: https://www.nfl.com/gamepass?campaign=sp-nf-gd-ot-yt-3000342\n\nSign up for Fantasy Football! http://www.nfl.com/fantasyfootball\n\nSubscribe to NFL: http://j.mp/1L0bVBu\n\nThe NFL YouTube channel is your home for immediate in-game highlights from your favorite teams and players, full NFL games, behind the scenes access and more!\n\nCheck out our other channels:\nNFL Network http://www.youtube.com/nflnetwork\nNFL Films http://www.youtube.com/nflfilms\n\nFor all things NFL, visit the league's official website at http://www.nfl.com/\n\nWatch NFL Now: https://www.nfl.com/now\nListen to NFL podcasts: http://www.nfl.com/podcasts\nWatch the NFL network: http://nflnonline.nfl.com/\nDownload the NFL mobile app: https://www.nfl.com/apps\n2017 NFL Schedule: http://www.nfl.com/schedules\nBuy tickets to watch your favorite team:  http://www.nfl.com/tickets\nShop NFL: http://www.nflshop.com/source/bm-nflcom-Header-Shop-Tab\n\nLike us on Facebook: https://www.facebook.com/NFL\nFollow us on Twitter: https://twitter.com/NFL\nFollow us on Instagram: https://instagram.com/nfl/\nFind us on Snapchat"
"US","F388-6yDDpc","2017-11-18","2017-11-13 00:51:15","Cowboys vs. Falcons | NFL Week 10 Game Highlights","NFL",1042282,6029,549,3187,"The Dallas Cowboys battle the Atlanta Falcons in Week 10 of the 2017 NFL Season.\n\nWatch full games with NFL Game Pass: https://www.nfl.com/gamepass?campaign=sp-nf-gd-ot-yt-3000342\n\nSign up for Fantasy Football! http://www.nfl.com/fantasyfootball\n\nSubscribe to NFL: http://j.mp/1L0bVBu\n\nThe NFL YouTube channel is your home for immediate in-game highlights from your favorite teams and players, full NFL games, behind the scenes access and more!\n\nCheck out our other channels:\nNFL Network http://www.youtube.com/nflnetwork\nNFL Films http://www.youtube.com/nflfilms\n\nFor all things NFL, visit the league's official website at http://www.nfl.com/\n\nWatch NFL Now: https://www.nfl.com/now\nListen to NFL podcasts: http://www.nfl.com/podcasts\nWatch the NFL network: http://nflnonline.nfl.com/\nDownload the NFL mobile app: https://www.nfl.com/apps\n2017 NFL Schedule: http://www.nfl.com/schedules\nBuy tickets to watch your favorite team:  http://www.nfl.com/tickets\nShop NFL: http://www.nflshop.com/source/bm-nflcom-Header-Shop-Tab\n\nLike us on Facebook: https://www.facebook.com/NFL\nFollow us on Twitter: https://twitter.com/NFL\nFollow us on Instagram: https://instagram.com/nfl/\nFind us on Snapchat"
"CA","fDGWi4eUjRY","2017-11-25","2017-11-24 01:14:02","Chargers vs. Cowboys | NFL Week 12 Game Highlights","NFL",550039,4018,304,2821,"The Los Angeles Chargers take on the Dallas Cowboys on Thanksgiving in Week 12 of the 2017 NFL Season.\n\nWatch full games with NFL Game Pass: https://www.nfl.com/gamepass?campaign=sp-nf-gd-ot-yt-3000342\n\nSign up for Fantasy Football! http://www.nfl.com/fantasyfootball\n\nSubscribe to NFL: http://j.mp/1L0bVBu\n\nThe NFL YouTube channel is your home for immediate in-game highlights from your favorite teams and players, full NFL games, behind the scenes access and more!\n\nCheck out our other channels:\nNFL Network http://www.youtube.com/nflnetwork\nNFL Films http://www.youtube.com/nflfilms\n\nFor all things NFL, visit the league's official website at http://www.nfl.com/\n\nWatch NFL Now: https://www.nfl.com/now\nListen to NFL podcasts: http://www.nfl.com/podcasts\nWatch the NFL network: http://nflnonline.nfl.com/\nDownload the NFL mobile app: https://www.nfl.com/apps\n2017 NFL Schedule: http://www.nfl.com/schedules\nBuy tickets to watch your favorite team:  http://www.nfl.com/tickets\nShop NFL: http://www.nflshop.com/source/bm-nflcom-Header-Shop-Tab\n\nLike us on Facebook: https://www.facebook.com/NFL\nFollow us on Twitter: https://twitter.com/NFL\nFollow us on Instagram: https://instagram.com/nfl/\nFind us on Snapchat"
"CA","j7RZy2B73hw","2017-12-14","2017-12-12 05:40:57","Patriots vs. Dolphins | NFL Week 14 Game Highlights","NFL",1462747,13474,743,6081,"The New England Patriots take on the Miami Dolphins in Week 14 of the 2017 NFL Season.\n\nHave Your Say! Vote now for the 2018 Pro Bowl in Orlando: http://www.nfl.com/probowl/ballot\n\nWatch full games with NFL Game Pass: https://www.nfl.com/gamepass?campaign=sp-nf-gd-ot-yt-3000342\n\nSign up for Fantasy Football! http://www.nfl.com/fantasyfootball\n\nSubscribe to NFL: http://j.mp/1L0bVBu\n\nThe NFL YouTube channel is your home for immediate in-game highlights from your favorite teams and players, full NFL games, behind the scenes access and more!\n\nCheck out our other channels:\nNFL Network http://www.youtube.com/nflnetwork\nNFL Films http://www.youtube.com/nflfilms\n\nFor all things NFL, visit the league's official website at http://www.nfl.com/\n\nWatch NFL Now: https://www.nfl.com/now\nListen to NFL podcasts: http://www.nfl.com/podcasts\nWatch the NFL network: http://nflnonline.nfl.com/\nDownload the NFL mobile app: https://www.nfl.com/apps\n2017 NFL Schedule: http://www.nfl.com/schedules\nBuy tickets to watch your favorite team:  http://www.nfl.com/tickets\nShop NFL: http://www.nflshop.com/source/bm-nflcom-Header-Shop-Tab\n\nLike us on Facebook: https://www.facebook.com/NFL\nFollow us on Twitter: https://twitter.com/NFL\nFollow us on Instagram: https://instagram.com/nfl/\nFind us on Snapchat"
"CA","b_RtkI6EUvY","2018-01-02","2017-12-31 22:19:32","Browns vs. Steelers | NFL Week 17 Game Highlights","NFL",550275,4448,201,2252,"The Cleveland Browns take on the Pittsburgh Steelers in Week 17 of the 2017 NFL Season.\n\nWatch full games with NFL Game Pass: https://www.nfl.com/gamepass?campaign=sp-nf-gd-ot-yt-3000342\n\nSign up for Fantasy Football! http://www.nfl.com/fantasyfootball\n\nSubscribe to NFL: http://j.mp/1L0bVBu\n\nThe NFL YouTube channel is your home for immediate in-game highlights from your favorite teams and players, full NFL games, behind the scenes access and more!\n\nCheck out our other channels:\nNFL Network http://www.youtube.com/nflnetwork\nNFL Films http://www.youtube.com/nflfilms\n\nFor all things NFL, visit the league's official website at http://www.nfl.com/\n\nWatch NFL Now: https://www.nfl.com/now\nListen to NFL podcasts: http://www.nfl.com/podcasts\nWatch the NFL network: http://nflnonline.nfl.com/\nDownload the NFL mobile app: https://www.nfl.com/apps\n2017 NFL Schedule: http://www.nfl.com/schedules\nBuy tickets to watch your favorite team:  http://www.nfl.com/tickets\nShop NFL: http://www.nflshop.com/source/bm-nflcom-Header-Shop-Tab\n\nLike us on Facebook: https://www.facebook.com/NFL\nFollow us on Twitter: https://twitter.com/NFL\nFollow us on Instagram: https://instagram.com/nfl/\nFind us on Snapchat"
"US","AEAHRq62p3Q","2017-12-23","2017-12-18 00:34:17","Steelers' Jesse James late 4th quarter TD overruled! was it the right call?","NFL World",73214,221,165,578,"Follow Us on Twitter: https://twitter.com/NFLWorldChannel\n\n\n\nFor more information, as well as all the latest NFL news and highlights, log onto the league's official website at http://www.NFL.com \n\nDISCLAIMER - All clips property of the NFL. No copyright infringement is intended, all videos are edited to follow the Free Use guideline of YouTube."
"US","KozDGo0bsJA","2018-03-19","2018-03-07 01:00:01","The Fastest 40-Yard Dash Times of 2018! | NFL Combine Highlights","NFL",522854,4518,91,701,"Watch the fastest 40-yard dash times from the 2018 NFL Scouting Combine.\n\nWatch full games with NFL Game Pass: https://www.nfl.com/gamepass?campaign=sp-nf-gd-ot-yt-3000342\n\nSign up for Fantasy Football! http://www.nfl.com/fantasyfootball\n\nSubscribe to NFL: http://j.mp/1L0bVBu\n\nThe NFL YouTube channel is your home for immediate in-game highlights from your favorite teams and players, full NFL games, behind the scenes access and more!\n\nCheck out our other channels:\nNFL Network http://www.youtube.com/nflnetwork\nNFL Films http://www.youtube.com/nflfilms\n\nFor all things NFL, visit the league's official website at http://www.nfl.com/\n\nWatch NFL Now: https://www.nfl.com/now\nListen to NFL podcasts: http://www.nfl.com/podcasts\nWatch the NFL network: http://nflnonline.nfl.com/\nDownload the NFL mobile app: https://www.nfl.com/apps\n2017 NFL Schedule: http://www.nfl.com/schedules\nBuy tickets to watch your favorite team:  http://www.nfl.com/tickets\nShop NFL: http://www.nflshop.com/source/bm-nflcom-Header-Shop-Tab\n\nLike us on Facebook: https://www.facebook.com/NFL\nFollow us on Twitter: https://twitter.com/NFL\nFollow us on Instagram: https://instagram.com/nfl/\nFind us on Snapchat"
"MX","_2lNpZP8-ww","2017-12-26","2017-12-26 01:04:54","Steelers vs. Texans | NFL Week 16 Game Highlights","NFL",268034,3175,122,972,"The Pittsburgh Steelers take on the Houston Texans in Week 16 of the 2017 NFL Season.\n\nWatch full games with NFL Game Pass: https://www.nfl.com/gamepass?campaign=sp-nf-gd-ot-yt-3000342\n\nSign up for Fantasy Football! http://www.nfl.com/fantasyfootball\n\nSubscribe to NFL: http://j.mp/1L0bVBu\n\nThe NFL YouTube channel is your home for immediate in-game highlights from your favorite teams and players, full NFL games, behind the scenes access and more!\n\nCheck out our other channels:\nNFL Network http://www.youtube.com/nflnetwork\nNFL Films http://www.youtube.com/nflfilms\n\nFor all things NFL, visit the league's official website at http://www.nfl.com/\n\nWatch NFL Now: https://www.nfl.com/now\nListen to NFL podcasts: http://www.nfl.com/podcasts\nWatch the NFL network: http://nflnonline.nfl.com/\nDownload the NFL mobile app: https://www.nfl.com/apps\n2017 NFL Schedule: http://www.nfl.com/schedules\nBuy tickets to watch your favorite team:  http://www.nfl.com/tickets\nShop NFL: http://www.nflshop.com/source/bm-nflcom-Header-Shop-Tab\n\nLike us on Facebook: https://www.facebook.com/NFL\nFollow us on Twitter: https://twitter.com/NFL\nFollow us on Instagram: https://instagram.com/nfl/\nFind us on Snapchat"
"US","Lgdc2t_CldQ","2018-01-07","2018-01-06 05:00:01","Top Stiff Arms & Power Moves of the 2017 Season! | NFL Highlights","NFL",118865,2038,58,416,"Check out the best stiff arms and power moves of the 2017 NFL season!\n\nWatch full games with NFL Game Pass: https://www.nfl.com/gamepass?campaign=sp-nf-gd-ot-yt-3000342\n\nSign up for Fantasy Football! http://www.nfl.com/fantasyfootball\n\nSubscribe to NFL: http://j.mp/1L0bVBu\n\nThe NFL YouTube channel is your home for immediate in-game highlights from your favorite teams and players, full NFL games, behind the scenes access and more!\n\nCheck out our other channels:\nNFL Network http://www.youtube.com/nflnetwork\nNFL Films http://www.youtube.com/nflfilms\n\nFor all things NFL, visit the league's official website at http://www.nfl.com/\n\nWatch NFL Now: https://www.nfl.com/now\nListen to NFL podcasts: http://www.nfl.com/podcasts\nWatch the NFL network: http://nflnonline.nfl.com/\nDownload the NFL mobile app: https://www.nfl.com/apps\n2017 NFL Schedule: http://www.nfl.com/schedules\nBuy tickets to watch your favorite team:  http://www.nfl.com/tickets\nShop NFL: http://www.nflshop.com/source/bm-nflcom-Header-Shop-Tab\n\nLike us on Facebook: https://www.facebook.com/NFL\nFollow us on Twitter: https://twitter.com/NFL\nFollow us on Instagram: https://instagram.com/nfl/\nFind us on Snapchat"
"MX","62uv76jjUG8","2017-11-14","2017-11-12 21:55:52","Steelers vs. Colts | NFL Week 10 Game Highlights","NFL",361416,3102,110,799,"The Pittsburgh Steelers battle the Indianapolis Colts in Week 10 of the 2017 NFL Season.\n\nWatch full games with NFL Game Pass: https://www.nfl.com/gamepass?campaign=sp-nf-gd-ot-yt-3000342\n\nSign up for Fantasy Football! http://www.nfl.com/fantasyfootball\n\nSubscribe to NFL: http://j.mp/1L0bVBu\n\nThe NFL YouTube channel is your home for immediate in-game highlights from your favorite teams and players, full NFL games, behind the scenes access and more!\n\nCheck out our other channels:\nNFL Network http://www.youtube.com/nflnetwork\nNFL Films http://www.youtube.com/nflfilms\n\nFor all things NFL, visit the league's official website at http://www.nfl.com/\n\nWatch NFL Now: https://www.nfl.com/now\nListen to NFL podcasts: http://www.nfl.com/podcasts\nWatch the NFL network: http://nflnonline.nfl.com/\nDownload the NFL mobile app: https://www.nfl.com/apps\n2017 NFL Schedule: http://www.nfl.com/schedules\nBuy tickets to watch your favorite team:  http://www.nfl.com/tickets\nShop NFL: http://www.nflshop.com/source/bm-nflcom-Header-Shop-Tab\n\nLike us on Facebook: https://www.facebook.com/NFL\nFollow us on Twitter: https://twitter.com/NFL\nFollow us on Instagram: https://instagram.com/nfl/\nFind us on Snapchat"
"MX","xl3HhY2BTuU","2017-12-05","2017-12-04 04:55:56","Eagles vs. Seahawks | NFL Week 13 Game Highlights","NFL",1270477,12058,620,6865,"The Philadelphia Eagles take on the Seattle Seahawks in Week 13 of the 2017 NFL Season.\n\nWatch full games with NFL Game Pass: https://www.nfl.com/gamepass?campaign=sp-nf-gd-ot-yt-3000342\n\nSign up for Fantasy Football! http://www.nfl.com/fantasyfootball\n\nSubscribe to NFL: http://j.mp/1L0bVBu\n\nThe NFL YouTube channel is your home for immediate in-game highlights from your favorite teams and players, full NFL games, behind the scenes access and more!\n\nCheck out our other channels:\nNFL Network http://www.youtube.com/nflnetwork\nNFL Films http://www.youtube.com/nflfilms\n\nFor all things NFL, visit the league's official website at http://www.nfl.com/\n\nWatch NFL Now: https://www.nfl.com/now\nListen to NFL podcasts: http://www.nfl.com/podcasts\nWatch the NFL network: http://nflnonline.nfl.com/\nDownload the NFL mobile app: https://www.nfl.com/apps\n2017 NFL Schedule: http://www.nfl.com/schedules\nBuy tickets to watch your favorite team:  http://www.nfl.com/tickets\nShop NFL: http://www.nflshop.com/source/bm-nflcom-Header-Shop-Tab\n\nLike us on Facebook: https://www.facebook.com/NFL\nFollow us on Twitter: https://twitter.com/NFL\nFollow us on Instagram: https://instagram.com/nfl/\nFind us on Snapchat"
"US","nQtcl7kCkzg","2018-02-23","2018-02-15 03:17:14","Every Team's Longest Play of the 2017 Season! | NFL Highlights","NFL",409118,5296,135,939,"Check out the longest offensive play of every team during the 2017 season!\n\nWatch full games with NFL Game Pass: https://www.nfl.com/gamepass?campaign=sp-nf-gd-ot-yt-3000342\n\nSign up for Fantasy Football! http://www.nfl.com/fantasyfootball\n\nSubscribe to NFL: http://j.mp/1L0bVBu\n\nThe NFL YouTube channel is your home for immediate in-game highlights from your favorite teams and players, full NFL games, behind the scenes access and more!\n\nCheck out our other channels:\nNFL Network http://www.youtube.com/nflnetwork\nNFL Films http://www.youtube.com/nflfilms\n\nFor all things NFL, visit the league's official website at http://www.nfl.com/\n\nWatch NFL Now: https://www.nfl.com/now\nListen to NFL podcasts: http://www.nfl.com/podcasts\nWatch the NFL network: http://nflnonline.nfl.com/\nDownload the NFL mobile app: https://www.nfl.com/apps\n2017 NFL Schedule: http://www.nfl.com/schedules\nBuy tickets to watch your favorite team:  http://www.nfl.com/tickets\nShop NFL: http://www.nflshop.com/source/bm-nflcom-Header-Shop-Tab\n\nLike us on Facebook: https://www.facebook.com/NFL\nFollow us on Twitter: https://twitter.com/NFL\nFollow us on Instagram: https://instagram.com/nfl/\nFind us on Snapchat"
"CA","w4-Ino9ytmk","2017-12-11","2017-12-10 22:06:06","Colts vs. Bills | NFL Week 14 Game Highlights","NFL",299529,3003,99,877,"The Indianapolis Colts take on the Buffalo Bills in Week 14 of the 2017 NFL Season.\n\nWatch full games with NFL Game Pass: https://www.nfl.com/gamepass?campaign=sp-nf-gd-ot-yt-3000342\n\nSign up for Fantasy Football! http://www.nfl.com/fantasyfootball\n\nSubscribe to NFL: http://j.mp/1L0bVBu\n\nThe NFL YouTube channel is your home for immediate in-game highlights from your favorite teams and players, full NFL games, behind the scenes access and more!\n\nCheck out our other channels:\nNFL Network http://www.youtube.com/nflnetwork\nNFL Films http://www.youtube.com/nflfilms\n\nFor all things NFL, visit the league's official website at http://www.nfl.com/\n\nWatch NFL Now: https://www.nfl.com/now\nListen to NFL podcasts: http://www.nfl.com/podcasts\nWatch the NFL network: http://nflnonline.nfl.com/\nDownload the NFL mobile app: https://www.nfl.com/apps\n2017 NFL Schedule: http://www.nfl.com/schedules\nBuy tickets to watch your favorite team:  http://www.nfl.com/tickets\nShop NFL: http://www.nflshop.com/source/bm-nflcom-Header-Shop-Tab\n\nLike us on Facebook: https://www.facebook.com/NFL\nFollow us on Twitter: https://twitter.com/NFL\nFollow us on Instagram: https://instagram.com/nfl/\nFind us on Snapchat"
"CA","Agg73-6QOYo","2018-01-09","2018-01-07 01:29:32","Titans vs. Chiefs | NFL Wild Card Game Highlights","NFL",1619662,10777,384,5160,"The Tennessee Titans take on the Kansas City Chiefs during Wild Card Weekend of the 2017 NFL Postseason.\n\nWatch full games with NFL Game Pass: https://www.nfl.com/gamepass?campaign=sp-nf-gd-ot-yt-3000342\n\nSign up for Fantasy Football! http://www.nfl.com/fantasyfootball\n\nSubscribe to NFL: http://j.mp/1L0bVBu\n\nThe NFL YouTube channel is your home for immediate in-game highlights from your favorite teams and players, full NFL games, behind the scenes access and more!\n\nCheck out our other channels:\nNFL Network http://www.youtube.com/nflnetwork\nNFL Films http://www.youtube.com/nflfilms\n\nFor all things NFL, visit the league's official website at http://www.nfl.com/\n\nWatch NFL Now: https://www.nfl.com/now\nListen to NFL podcasts: http://www.nfl.com/podcasts\nWatch the NFL network: http://nflnonline.nfl.com/\nDownload the NFL mobile app: https://www.nfl.com/apps\n2017 NFL Schedule: http://www.nfl.com/schedules\nBuy tickets to watch your favorite team:  http://www.nfl.com/tickets\nShop NFL: http://www.nflshop.com/source/bm-nflcom-Header-Shop-Tab\n\nLike us on Facebook: https://www.facebook.com/NFL\nFollow us on Twitter: https://twitter.com/NFL\nFollow us on Instagram: https://instagram.com/nfl/\nFind us on Snapchat"
"DE","PMmgzt-pquY","2017-11-25","2017-11-24 05:20:47","Giants vs. Redskins | NFL Week 12 Game Highlights","NFL",568460,4341,230,1349,"The New York Giants take on the Washington Redskins on Thanksgiving in Week 12 of the 2017 NFL Season.\n\nWatch full games with NFL Game Pass: https://www.nfl.com/gamepass?campaign=sp-nf-gd-ot-yt-3000342\n\nSign up for Fantasy Football! http://www.nfl.com/fantasyfootball\n\nSubscribe to NFL: http://j.mp/1L0bVBu\n\nThe NFL YouTube channel is your home for immediate in-game highlights from your favorite teams and players, full NFL games, behind the scenes access and more!\n\nCheck out our other channels:\nNFL Network http://www.youtube.com/nflnetwork\nNFL Films http://www.youtube.com/nflfilms\n\nFor all things NFL, visit the league's official website at http://www.nfl.com/\n\nWatch NFL Now: https://www.nfl.com/now\nListen to NFL podcasts: http://www.nfl.com/podcasts\nWatch the NFL network: http://nflnonline.nfl.com/\nDownload the NFL mobile app: https://www.nfl.com/apps\n2017 NFL Schedule: http://www.nfl.com/schedules\nBuy tickets to watch your favorite team:  http://www.nfl.com/tickets\nShop NFL: http://www.nflshop.com/source/bm-nflcom-Header-Shop-Tab\n\nLike us on Facebook: https://www.facebook.com/NFL\nFollow us on Twitter: https://twitter.com/NFL\nFollow us on Instagram: https://instagram.com/nfl/\nFind us on Snapchat"
"US","9wRQljFNDW8","2017-11-14","2017-11-13 02:05:26","Dion Lewis' 103-Yd Kick Return TD vs. Denver! | Can't-Miss Play | NFL Wk 10 Highlights","NFL",81377,655,25,177,"New England Patriots returner Dion Lewis blasts off for an amazing kickoff return touchdown against the Denver Broncos in Week 10 of the 2017 NFL Season.\n\nWatch full games with NFL Game Pass: https://www.nfl.com/gamepass?campaign=sp-nf-gd-ot-yt-3000342\n\nSign up for Fantasy Football! http://www.nfl.com/fantasyfootball\n\nSubscribe to NFL: http://j.mp/1L0bVBu\n\nThe NFL YouTube channel is your home for immediate in-game highlights from your favorite teams and players, full NFL games, behind the scenes access and more!\n\nCheck out our other channels:\nNFL Network http://www.youtube.com/nflnetwork\nNFL Films http://www.youtube.com/nflfilms\n\nFor all things NFL, visit the league's official website at http://www.nfl.com/\n\nWatch NFL Now: https://www.nfl.com/now\nListen to NFL podcasts: http://www.nfl.com/podcasts\nWatch the NFL network: http://nflnonline.nfl.com/\nDownload the NFL mobile app: https://www.nfl.com/apps\n2017 NFL Schedule: http://www.nfl.com/schedules\nBuy tickets to watch your favorite team:  http://www.nfl.com/tickets\nShop NFL: http://www.nflshop.com/source/bm-nflcom-Header-Shop-Tab\n\nLike us on Facebook: https://www.facebook.com/NFL\nFollow us on Twitter: https://twitter.com/NFL\nFollow us on Instagram: https://instagram.com/nfl/\nFind us on Snapchat"
"CA","q8w4pbAkkGc","2018-01-25","2018-01-21 23:24:08","Jaguars vs. Patriots | NFL AFC Championship Game Highlights","NFL",2610352,17023,2801,11361,"The Jacksonville Jaguars take on the New England Patriots in the AFC Championship during the 2017 NFL Postseason.\n\nWatch full games with NFL Game Pass: https://www.nfl.com/gamepass?campaign=sp-nf-gd-ot-yt-3000342\n\nSign up for Fantasy Football! http://www.nfl.com/fantasyfootball\n\nSubscribe to NFL: http://j.mp/1L0bVBu\n\nThe NFL YouTube channel is your home for immediate in-game highlights from your favorite teams and players, full NFL games, behind the scenes access and more!\n\nCheck out our other channels:\nNFL Network http://www.youtube.com/nflnetwork\nNFL Films http://www.youtube.com/nflfilms\n\nFor all things NFL, visit the league's official website at http://www.nfl.com/\n\nWatch NFL Now: https://www.nfl.com/now\nListen to NFL podcasts: http://www.nfl.com/podcasts\nWatch the NFL network: http://nflnonline.nfl.com/\nDownload the NFL mobile app: https://www.nfl.com/apps\n2017 NFL Schedule: http://www.nfl.com/schedules\nBuy tickets to watch your favorite team:  http://www.nfl.com/tickets\nShop NFL: http://www.nflshop.com/source/bm-nflcom-Header-Shop-Tab\n\nLike us on Facebook: https://www.facebook.com/NFL\nFollow us on Twitter: https://twitter.com/NFL\nFollow us on Instagram: https://instagram.com/nfl/\nFind us on Snapchat"
"DE","u4AjlI49loQ","2017-12-11","2017-12-11 01:37:43","Seahawks vs. Jaguars | NFL Week 14 Game Highlights","NFL",302336,2891,189,2017,"The Seattle Seahawks take on the Jacksonville Jaguars in Week 14 of the 2017 NFL Season.\n\nHave Your Say! Vote now for the 2018 Pro Bowl in Orlando: http://www.nfl.com/probowl/ballot\n\nWatch full games with NFL Game Pass: https://www.nfl.com/gamepass?campaign=sp-nf-gd-ot-yt-3000342\n\nSign up for Fantasy Football! http://www.nfl.com/fantasyfootball\n\nSubscribe to NFL: http://j.mp/1L0bVBu\n\nThe NFL YouTube channel is your home for immediate in-game highlights from your favorite teams and players, full NFL games, behind the scenes access and more!\n\nCheck out our other channels:\nNFL Network http://www.youtube.com/nflnetwork\nNFL Films http://www.youtube.com/nflfilms\n\nFor all things NFL, visit the league's official website at http://www.nfl.com/\n\nWatch NFL Now: https://www.nfl.com/now\nListen to NFL podcasts: http://www.nfl.com/podcasts\nWatch the NFL network: http://nflnonline.nfl.com/\nDownload the NFL mobile app: https://www.nfl.com/apps\n2017 NFL Schedule: http://www.nfl.com/schedules\nBuy tickets to watch your favorite team:  http://www.nfl.com/tickets\nShop NFL: http://www.nflshop.com/source/bm-nflcom-Header-Shop-Tab\n\nLike us on Facebook: https://www.facebook.com/NFL\nFollow us on Twitter: https://twitter.com/NFL\nFollow us on Instagram: https://instagram.com/nfl/\nFind us on Snapchat"
"DE","bLJr-Wo6T0Y","2017-12-18","2017-12-18 01:10:07","Rams vs. Seahawks | NFL Week 15 Game Highlights","NFL",272731,2971,202,1992,"The Los Angeles Rams take on the Seattle Seahawks in Week 15 of the 2017 NFL Season.\n\nWatch full games with NFL Game Pass: https://www.nfl.com/gamepass?campaign=sp-nf-gd-ot-yt-3000342\n\nSign up for Fantasy Football! http://www.nfl.com/fantasyfootball\n\nSubscribe to NFL: http://j.mp/1L0bVBu\n\nThe NFL YouTube channel is your home for immediate in-game highlights from your favorite teams and players, full NFL games, behind the scenes access and more!\n\nCheck out our other channels:\nNFL Network http://www.youtube.com/nflnetwork\nNFL Films http://www.youtube.com/nflfilms\n\nFor all things NFL, visit the league's official website at http://www.nfl.com/\n\nWatch NFL Now: https://www.nfl.com/now\nListen to NFL podcasts: http://www.nfl.com/podcasts\nWatch the NFL network: http://nflnonline.nfl.com/\nDownload the NFL mobile app: https://www.nfl.com/apps\n2017 NFL Schedule: http://www.nfl.com/schedules\nBuy tickets to watch your favorite team:  http://www.nfl.com/tickets\nShop NFL: http://www.nflshop.com/source/bm-nflcom-Header-Shop-Tab\n\nLike us on Facebook: https://www.facebook.com/NFL\nFollow us on Twitter: https://twitter.com/NFL\nFollow us on Instagram: https://instagram.com/nfl/\nFind us on Snapchat"
"US","AZQvPibYXRo","2017-11-19","2017-11-13 00:56:30","Giants vs. 49ers | NFL Week 10 Game Highlights","NFL",784937,4553,290,1478,"The New York Giants battle the San Francisco 49ers in Week 10 of the 2017 NFL Season.\n\nWatch full games with NFL Game Pass: https://www.nfl.com/gamepass?campaign=sp-nf-gd-ot-yt-3000342\n\nSign up for Fantasy Football! http://www.nfl.com/fantasyfootball\n\nSubscribe to NFL: http://j.mp/1L0bVBu\n\nThe NFL YouTube channel is your home for immediate in-game highlights from your favorite teams and players, full NFL games, behind the scenes access and more!\n\nCheck out our other channels:\nNFL Network http://www.youtube.com/nflnetwork\nNFL Films http://www.youtube.com/nflfilms\n\nFor all things NFL, visit the league's official website at http://www.nfl.com/\n\nWatch NFL Now: https://www.nfl.com/now\nListen to NFL podcasts: http://www.nfl.com/podcasts\nWatch the NFL network: http://nflnonline.nfl.com/\nDownload the NFL mobile app: https://www.nfl.com/apps\n2017 NFL Schedule: http://www.nfl.com/schedules\nBuy tickets to watch your favorite team:  http://www.nfl.com/tickets\nShop NFL: http://www.nflshop.com/source/bm-nflcom-Header-Shop-Tab\n\nLike us on Facebook: https://www.facebook.com/NFL\nFollow us on Twitter: https://twitter.com/NFL\nFollow us on Instagram: https://instagram.com/nfl/\nFind us on Snapchat"
"DE","P3d9XxDTIHA","2018-04-28","2018-04-27 02:55:43","Picks 11-20: More Trades, & A lot of Defense! (Round 1) | 2018 NFL Draft","NFL",267612,2059,55,486,"Recap pick 11-20 in the 2018 NFL Draft and get our experts' analysis of how each player fits with each team.\n\nCheck out our other channels:\nNFL Network http://www.youtube.com/nflnetwork\nNFL Films http://www.youtube.com/nflfilms\nNFL Rush https://www.youtube.com/nflrush"
"US","I5qFoctplSU","2018-01-31","2018-01-26 02:58:30","Best Hands: 2018 Pro Bowl Skills Showdown | NFL Highlights","NFL",1691529,14149,434,1235,"Jarvis Landry, Michael Thomas, Davante Adams, and Keenan Allen compete in the best hands competition at the 2018 Pro Bowl Skills Showdown.\n\nWatch full games with NFL Game Pass: https://www.nfl.com/gamepass?campaign=sp-nf-gd-ot-yt-3000342\n\nSign up for Fantasy Football! http://www.nfl.com/fantasyfootball\n\nSubscribe to NFL: http://j.mp/1L0bVBu\n\nThe NFL YouTube channel is your home for immediate in-game highlights from your favorite teams and players, full NFL games, behind the scenes access and more!\n\nCheck out our other channels:\nNFL Network http://www.youtube.com/nflnetwork\nNFL Films http://www.youtube.com/nflfilms\n\nFor all things NFL, visit the league's official website at http://www.nfl.com/\n\nWatch NFL Now: https://www.nfl.com/now\nListen to NFL podcasts: http://www.nfl.com/podcasts\nWatch the NFL network: http://nflnonline.nfl.com/\nDownload the NFL mobile app: https://www.nfl.com/apps\n2017 NFL Schedule: http://www.nfl.com/schedules\nBuy tickets to watch your favorite team:  http://www.nfl.com/tickets\nShop NFL: http://www.nflshop.com/source/bm-nflcom-Header-Shop-Tab\n\nLike us on Facebook: https://www.facebook.com/NFL\nFollow us on Twitter: https://twitter.com/NFL\nFollow us on Instagram: https://instagram.com/nfl/\nFind us on Snapchat"
"DE","5aL06wxD4lI","2018-01-17","2018-01-15 02:36:22","Saints vs. Vikings | NFL Divisional Round Game Highlights","NFL",2576438,23689,1044,9144,"The New Orleans Saints take on the Minnesota Vikings during the Divisional Round of the 2017 NFL Postseason.\n\nWatch full games with NFL Game Pass: https://www.nfl.com/gamepass?campaign=sp-nf-gd-ot-yt-3000342\n\nSign up for Fantasy Football! http://www.nfl.com/fantasyfootball\n\nSubscribe to NFL: http://j.mp/1L0bVBu\n\nThe NFL YouTube channel is your home for immediate in-game highlights from your favorite teams and players, full NFL games, behind the scenes access and more!\n\nCheck out our other channels:\nNFL Network http://www.youtube.com/nflnetwork\nNFL Films http://www.youtube.com/nflfilms\n\nFor all things NFL, visit the league's official website at http://www.nfl.com/\n\nWatch NFL Now: https://www.nfl.com/now\nListen to NFL podcasts: http://www.nfl.com/podcasts\nWatch the NFL network: http://nflnonline.nfl.com/\nDownload the NFL mobile app: https://www.nfl.com/apps\n2017 NFL Schedule: http://www.nfl.com/schedules\nBuy tickets to watch your favorite team:  http://www.nfl.com/tickets\nShop NFL: http://www.nflshop.com/source/bm-nflcom-Header-Shop-Tab\n\nLike us on Facebook: https://www.facebook.com/NFL\nFollow us on Twitter: https://twitter.com/NFL\nFollow us on Instagram: https://instagram.com/nfl/\nFind us on Snapchat"
"DE","j9ZenoC4E5o","2017-11-15","2017-11-14 05:02:40","Dolphins vs. Panthers | NFL Week 10 Game Highlights","NFL",779509,6872,280,1804,"The Miami Dolphins battle the Carolina Panthers in Week 10 of the 2017 NFL Season.\n\nWatch full games with NFL Game Pass: https://www.nfl.com/gamepass?campaign=sp-nf-gd-ot-yt-3000342\n\nSign up for Fantasy Football! http://www.nfl.com/fantasyfootball\n\nSubscribe to NFL: http://j.mp/1L0bVBu\n\nThe NFL YouTube channel is your home for immediate in-game highlights from your favorite teams and players, full NFL games, behind the scenes access and more!\n\nCheck out our other channels:\nNFL Network http://www.youtube.com/nflnetwork\nNFL Films http://www.youtube.com/nflfilms\n\nFor all things NFL, visit the league's official website at http://www.nfl.com/\n\nWatch NFL Now: https://www.nfl.com/now\nListen to NFL podcasts: http://www.nfl.com/podcasts\nWatch the NFL network: http://nflnonline.nfl.com/\nDownload the NFL mobile app: https://www.nfl.com/apps\n2017 NFL Schedule: http://www.nfl.com/schedules\nBuy tickets to watch your favorite team:  http://www.nfl.com/tickets\nShop NFL: http://www.nflshop.com/source/bm-nflcom-Header-Shop-Tab\n\nLike us on Facebook: https://www.facebook.com/NFL\nFollow us on Twitter: https://twitter.com/NFL\nFollow us on Instagram: https://instagram.com/nfl/\nFind us on Snapchat"
"CA","Mu0lbTM7px8","2017-12-25","2017-12-24 22:04:58","Bills vs. Patriots | NFL Week 16 Game Highlights","NFL",394203,3714,350,1978,"The Buffalo Bills take on the New England Patriots in Week 16 of the 2017 NFL Season.\n\nWatch full games with NFL Game Pass: https://www.nfl.com/gamepass?campaign=sp-nf-gd-ot-yt-3000342\n\nSign up for Fantasy Football! http://www.nfl.com/fantasyfootball\n\nSubscribe to NFL: http://j.mp/1L0bVBu\n\nThe NFL YouTube channel is your home for immediate in-game highlights from your favorite teams and players, full NFL games, behind the scenes access and more!\n\nCheck out our other channels:\nNFL Network http://www.youtube.com/nflnetwork\nNFL Films http://www.youtube.com/nflfilms\n\nFor all things NFL, visit the league's official website at http://www.nfl.com/\n\nWatch NFL Now: https://www.nfl.com/now\nListen to NFL podcasts: http://www.nfl.com/podcasts\nWatch the NFL network: http://nflnonline.nfl.com/\nDownload the NFL mobile app: https://www.nfl.com/apps\n2017 NFL Schedule: http://www.nfl.com/schedules\nBuy tickets to watch your favorite team:  http://www.nfl.com/tickets\nShop NFL: http://www.nflshop.com/source/bm-nflcom-Header-Shop-Tab\n\nLike us on Facebook: https://www.facebook.com/NFL\nFollow us on Twitter: https://twitter.com/NFL\nFollow us on Instagram: https://instagram.com/nfl/\nFind us on Snapchat"
"US","KbbgQsTbQ9Q","2018-01-25","2018-01-22 02:56:23","Vikings vs. Eagles | NFL NFC Championship Game Highlights","NFL",2321144,17363,1281,7954,"The Minnesota Vikings take on the Philadelphia Eagles in the NFC Championship during the 2017 NFL Postseason.\n\nWatch full games with NFL Game Pass: https://www.nfl.com/gamepass?campaign=sp-nf-gd-ot-yt-3000342\n\nSign up for Fantasy Football! http://www.nfl.com/fantasyfootball\n\nSubscribe to NFL: http://j.mp/1L0bVBu\n\nThe NFL YouTube channel is your home for immediate in-game highlights from your favorite teams and players, full NFL games, behind the scenes access and more!\n\nCheck out our other channels:\nNFL Network http://www.youtube.com/nflnetwork\nNFL Films http://www.youtube.com/nflfilms\n\nFor all things NFL, visit the league's official website at http://www.nfl.com/\n\nWatch NFL Now: https://www.nfl.com/now\nListen to NFL podcasts: http://www.nfl.com/podcasts\nWatch the NFL network: http://nflnonline.nfl.com/\nDownload the NFL mobile app: https://www.nfl.com/apps\n2017 NFL Schedule: http://www.nfl.com/schedules\nBuy tickets to watch your favorite team:  http://www.nfl.com/tickets\nShop NFL: http://www.nflshop.com/source/bm-nflcom-Header-Shop-Tab\n\nLike us on Facebook: https://www.facebook.com/NFL\nFollow us on Twitter: https://twitter.com/NFL\nFollow us on Instagram: https://instagram.com/nfl/\nFind us on Snapchat"
"DE","LlGXq8xjUMY","2018-01-15","2018-01-14 05:06:49","Titans vs. Patriots | NFL Divisional Round Game Highlights","NFL",1447406,10080,925,4448,"The Tennessee Titans take on the New England Patriots during the Divisional Round of the 2017 NFL Postseason.\n\nWatch full games with NFL Game Pass: https://www.nfl.com/gamepass?campaign=sp-nf-gd-ot-yt-3000342\n\nSign up for Fantasy Football! http://www.nfl.com/fantasyfootball\n\nSubscribe to NFL: http://j.mp/1L0bVBu\n\nThe NFL YouTube channel is your home for immediate in-game highlights from your favorite teams and players, full NFL games, behind the scenes access and more!\n\nCheck out our other channels:\nNFL Network http://www.youtube.com/nflnetwork\nNFL Films http://www.youtube.com/nflfilms\n\nFor all things NFL, visit the league's official website at http://www.nfl.com/\n\nWatch NFL Now: https://www.nfl.com/now\nListen to NFL podcasts: http://www.nfl.com/podcasts\nWatch the NFL network: http://nflnonline.nfl.com/\nDownload the NFL mobile app: https://www.nfl.com/apps\n2017 NFL Schedule: http://www.nfl.com/schedules\nBuy tickets to watch your favorite team:  http://www.nfl.com/tickets\nShop NFL: http://www.nflshop.com/source/bm-nflcom-Header-Shop-Tab\n\nLike us on Facebook: https://www.facebook.com/NFL\nFollow us on Twitter: https://twitter.com/NFL\nFollow us on Instagram: https://instagram.com/nfl/\nFind us on Snapchat"
"US","z05WIkCvgjU","2018-01-15","2018-01-14 01:05:42","Falcons vs. Eagles | NFL Divisional Round Game Highlights","NFL",1309430,9475,690,4656,"The Atlanta Falcons take on the Philadelphia Eagles during the Divisional Round of the 2017 NFL Postseason.\n\nWatch full games with NFL Game Pass: https://www.nfl.com/gamepass?campaign=sp-nf-gd-ot-yt-3000342\n\nSign up for Fantasy Football! http://www.nfl.com/fantasyfootball\n\nSubscribe to NFL: http://j.mp/1L0bVBu\n\nThe NFL YouTube channel is your home for immediate in-game highlights from your favorite teams and players, full NFL games, behind the scenes access and more!\n\nCheck out our other channels:\nNFL Network http://www.youtube.com/nflnetwork\nNFL Films http://www.youtube.com/nflfilms\n\nFor all things NFL, visit the league's official website at http://www.nfl.com/\n\nWatch NFL Now: https://www.nfl.com/now\nListen to NFL podcasts: http://www.nfl.com/podcasts\nWatch the NFL network: http://nflnonline.nfl.com/\nDownload the NFL mobile app: https://www.nfl.com/apps\n2017 NFL Schedule: http://www.nfl.com/schedules\nBuy tickets to watch your favorite team:  http://www.nfl.com/tickets\nShop NFL: http://www.nflshop.com/source/bm-nflcom-Header-Shop-Tab\n\nLike us on Facebook: https://www.facebook.com/NFL\nFollow us on Twitter: https://twitter.com/NFL\nFollow us on Instagram: https://instagram.com/nfl/\nFind us on Snapchat"
"US","k0BqqEMobcY","2018-02-04","2018-01-28 23:18:08","NFC vs. AFC | 2018 NFL Pro Bowl Game Highlights","NFL",1824082,15384,807,4235,"The AFC All-Pros take on the NFC All-Pros in the 2018 NFL Pro Bowl.\n\nWatch full games with NFL Game Pass: https://www.nfl.com/gamepass?campaign=sp-nf-gd-ot-yt-3000342\n\nSign up for Fantasy Football! http://www.nfl.com/fantasyfootball\n\nSubscribe to NFL: http://j.mp/1L0bVBu\n\nThe NFL YouTube channel is your home for immediate in-game highlights from your favorite teams and players, full NFL games, behind the scenes access and more!\n\nCheck out our other channels:\nNFL Network http://www.youtube.com/nflnetwork\nNFL Films http://www.youtube.com/nflfilms\n\nFor all things NFL, visit the league's official website at http://www.nfl.com/\n\nWatch NFL Now: https://www.nfl.com/now\nListen to NFL podcasts: http://www.nfl.com/podcasts\nWatch the NFL network: http://nflnonline.nfl.com/\nDownload the NFL mobile app: https://www.nfl.com/apps\n2017 NFL Schedule: http://www.nfl.com/schedules\nBuy tickets to watch your favorite team:  http://www.nfl.com/tickets\nShop NFL: http://www.nflshop.com/source/bm-nflcom-Header-Shop-Tab\n\nLike us on Facebook: https://www.facebook.com/NFL\nFollow us on Twitter: https://twitter.com/NFL\nFollow us on Instagram: https://instagram.com/nfl/\nFind us on Snapchat"
"GB","d4a9KApRUks","2018-01-26","2018-01-15 20:00:02","Home Radio Broadcasters Freak Out on Stefon Diggs Walk-Off Minneapolis Miracle TD! | NFL Highlights","NFL",378492,5299,113,709,"Listen in on KFAN's Paul Allen and Pete Bercich as they call Stefon Diggs' game-winning TD on the Minnesota Vikings home radio.\n\nWatch full games with NFL Game Pass: https://www.nfl.com/gamepass?campaign=sp-nf-gd-ot-yt-3000342\n\nSign up for Fantasy Football! http://www.nfl.com/fantasyfootball\n\nSubscribe to NFL: http://j.mp/1L0bVBu\n\nThe NFL YouTube channel is your home for immediate in-game highlights from your favorite teams and players, full NFL games, behind the scenes access and more!\n\nCheck out our other channels:\nNFL Network http://www.youtube.com/nflnetwork\nNFL Films http://www.youtube.com/nflfilms\n\nFor all things NFL, visit the league's official website at http://www.nfl.com/\n\nWatch NFL Now: https://www.nfl.com/now\nListen to NFL podcasts: http://www.nfl.com/podcasts\nWatch the NFL network: http://nflnonline.nfl.com/\nDownload the NFL mobile app: https://www.nfl.com/apps\n2017 NFL Schedule: http://www.nfl.com/schedules\nBuy tickets to watch your favorite team:  http://www.nfl.com/tickets\nShop NFL: http://www.nflshop.com/source/bm-nflcom-Header-Shop-Tab\n\nLike us on Facebook: https://www.facebook.com/NFL\nFollow us on Twitter: https://twitter.com/NFL\nFollow us on Instagram: https://instagram.com/nfl/\nFind us on Snapchat"
"MX","sFcbhEh5ujA","2017-11-17","2017-11-17 03:29:04","Rishard Matthews Goes 75 Yards on Spectacular TD Catch! | Can't-Miss Play | NFL Wk 11 Highlights","NFL",28848,141,20,75,"Tennessee Titans quarterback Marcus Mariota tosses a 75-yard touchdown bomb to Rishard Matthews in Week 11 of the 2017 NFL Season.\n\nWatch full games with NFL Game Pass: https://www.nfl.com/gamepass?campaign=sp-nf-gd-ot-yt-3000342\n\nSign up for Fantasy Football! http://www.nfl.com/fantasyfootball\n\nSubscribe to NFL: http://j.mp/1L0bVBu\n\nThe NFL YouTube channel is your home for immediate in-game highlights from your favorite teams and players, full NFL games, behind the scenes access and more!\n\nCheck out our other channels:\nNFL Network http://www.youtube.com/nflnetwork\nNFL Films http://www.youtube.com/nflfilms\n\nFor all things NFL, visit the league's official website at http://www.nfl.com/\n\nWatch NFL Now: https://www.nfl.com/now\nListen to NFL podcasts: http://www.nfl.com/podcasts\nWatch the NFL network: http://nflnonline.nfl.com/\nDownload the NFL mobile app: https://www.nfl.com/apps\n2017 NFL Schedule: http://www.nfl.com/schedules\nBuy tickets to watch your favorite team:  http://www.nfl.com/tickets\nShop NFL: http://www.nflshop.com/source/bm-nflcom-Header-Shop-Tab\n\nLike us on Facebook: https://www.facebook.com/NFL\nFollow us on Twitter: https://twitter.com/NFL\nFollow us on Instagram: https://instagram.com/nfl/\nFind us on Snapchat"
